distrito,municipio,qtd.imoveis,qtd.imoveis.T0,qtd.imoveis.T1,qtd.imoveis.T2,qtd.imoveis.T3,qtd.imoveis.T4,qtd.imoveis.T5.mais,media.valor.arrendamento,mediana.valor.arrendamento,max.valor.arrendamento,min.valor.arrendamento,sdt.valor.arrendamento,media.valor.metro.quadrado,mediana.valor.metro.quadrado,max.valor.metro.quadrado,min.valor_metro.quadrado,std.valor.metro.quadrado,media.metro.quadrado,mediana.metro.quadrado,max.metro.quadrado,min.metro.quadrado,std.metro.quadrado,valor.medio.0.Quarto,valor.medio.1.Quarto,valor.medio.2.Quartos,valor.medio.3.Quartos,valor.medio.4.Quartos,mean.>5.Quartos,valor.mediano.0.Quarto,valor.mediano.1.Quarto,valor.mediano.2.Quartos,valor.mediano.3.Quartos,valor.mediano.4.Quartos,median.>5.Quartos,media_preco_0.Quarto,media_preco_1.Quarto,media_preco_2.Quartos,media_preco_3.Quartos,media_preco_4.Quartos,media_preco_>5.Quartos
Acores,acores,"42,00","2,00","8,00","12,00","13,00","4,00","3,00","1.352,74","992,50","5.000,00","500,00","885,94","9,60","9,62","20,00","1,32","4,49","206,83","120,00","2.273,00","30,00","342,44","590,00","1.004,00","1.235,83","1.196,54","2.372,50","2.966,67","590,00","900,00","965,00","1.000,00","2.250,00","2.500,00","590,00","857,50","1.235,83","1.196,54","2.372,50","2.966,67"
Alentejo\beja,Beja,"11,00","0,00","2,00","1,00","3,00","4,00","1,00","966,36","1.000,00","1.900,00","380,00","482,64","6,89","6,76","11,36","3,51","2,77","161,27","124,00","328,00","44,00","95,94","0,00","440,00","600,00","883,33","1.150,00","1.900,00","0,00","440,00","600,00","1.000,00","1.075,00","1.900,00",nan,"440,00","600,00","883,33","1.150,00","1.900,00"
Alentejo\beja,Mértola,"8,00","0,00","6,00","1,00","1,00","0,00","0,00","1.165,62","1.225,00","1.750,00","400,00","630,61","19,57","19,74","38,89","1,37","15,28","119,12","60,00","510,00","45,00","158,64","0,00","1.329,17","650,00","700,00","0,00","0,00","0,00","1.750,00","650,00","700,00","0,00","0,00",nan,"1.329,17","650,00","700,00",nan,nan
Alentejo\beja,Odemira,"34,00","1,00","12,00","13,00","6,00","0,00","2,00","998,24","900,00","2.500,00","450,00","396,44","11,63","11,59","17,50","4,76","2,89","92,94","81,00","252,00","35,00","52,15","550,00","783,33","983,85","1.307,14","0,00","2.250,00","550,00","750,00","900,00","1.200,00","0,00","2.250,00","600,00","783,33","983,85","1.108,33",nan,"2.250,00"
Alentejo\evora,Évora,"56,00","2,00","5,00","25,00","13,00","7,00","4,00","1.267,95","1.100,00","3.500,00","600,00","529,60","11,79","11,50","19,23","3,40","3,53","117,43","100,00","280,00","43,00","56,36","800,00","900,00","1.175,00","1.373,08","1.357,14","2.050,00","740,00","900,00","1.050,00","1.200,00","1.400,00","2.050,00","940,00","840,00","1.175,00","1.373,08","1.357,14","2.050,00"
Alentejo\porta alegre,Elvas,"8,00","0,00","3,00","1,00","3,00","1,00","0,00","603,75","490,00","1.250,00","340,00","307,15","7,44","7,43","10,24","4,34","2,19","97,75","75,00","288,00","35,00","83,56","0,00","380,00","400,00","680,00","1.250,00","5.500,00","0,00","370,00","400,00","700,00","1.250,00","5.500,00",nan,"380,00","400,00","680,00","1.250,00",nan
Alentejo\santarem,Abrantes,"26,00","0,00","0,00","11,00","10,00","3,00","2,00","932,77","875,00","1.450,00","420,00","274,74","8,45","8,50","12,88","5,00","2,15","114,38","119,50","180,00","49,00","33,26","0,00","0,00","800,18","1.000,00","1.066,67","1.125,00","0,00","0,00","800,00","950,00","900,00","1.125,00",nan,nan,"800,18","1.000,00","1.066,67","1.125,00"
Alentejo\santarem,Alcanena,"9,00","0,00","0,00","4,00","5,00","0,00","0,00","705,56","750,00","900,00","450,00","133,33","7,87","7,55","11,43","4,29","2,48","98,22","100,00","175,00","45,00","36,39","0,00","500,00","650,00","750,00","0,00","0,00","0,00","500,00","675,00","750,00","0,00","0,00",nan,nan,"650,00","750,00",nan,nan
Alentejo\santarem,Almeirim,"9,00","1,00","1,00","1,00","5,00","1,00","0,00","1.177,78","900,00","2.500,00","650,00","635,47","9,62","9,68","16,25","4,00","3,54","137,56","118,00","250,00","40,00","74,47","650,00","700,00","900,00","1.170,00","2.500,00","0,00","650,00","700,00","900,00","1.000,00","2.500,00","0,00","650,00","700,00","900,00","1.170,00","2.500,00",nan
Alentejo\santarem,Entroncamento,"17,00","0,00","1,00","3,00","13,00","0,00","0,00","997,65","1.050,00","1.350,00","600,00","208,55","7,73","7,30","11,36","5,29","1,85","134,94","130,00","200,00","65,00","38,29","570,00","600,00","750,00","1.085,38","0,00","0,00","570,00","600,00","800,00","1.100,00","0,00","0,00",nan,"600,00","750,00","1.085,38",nan,nan
Alentejo\santarem,Mação,"8,00","0,00","3,00","2,00","1,00","2,00","0,00","666,25","625,00","1.000,00","450,00","180,79","6,18","6,64","9,52","2,73","2,31","124,38","97,50","220,00","68,00","62,21","0,00","533,33","610,00","600,00","925,00","0,00","0,00","500,00","600,00","600,00","925,00","0,00",nan,"533,33","640,00","600,00","925,00",nan
Alentejo\santarem,Ourém,"18,00","1,00","2,00","3,00","9,00","3,00","0,00","937,22","835,00","1.850,00","400,00","394,89","7,05","6,62","11,29","5,00","1,69","137,72","129,00","258,00","57,00","60,26","550,00","550,00","700,00","957,78","1.512,50","0,00","550,00","550,00","800,00","900,00","1.500,00","0,00","500,00","550,00","700,00","957,78","1.516,67",nan
Alentejo\santarem,Rio Maior,"10,00","1,00","2,00","3,00","1,00","2,00","1,00","957,00","850,00","2.300,00","300,00","557,71","9,19","9,25","15,00","4,33","3,64","113,90","116,50","200,00","30,00","58,88","450,00","700,00","733,33","1.020,00","1.100,00","2.300,00","450,00","700,00","750,00","1.020,00","1.100,00","2.300,00","450,00","700,00","733,33","1.020,00","1.100,00","2.300,00"
Alentejo\santarem,Santarém,"38,00","0,00","3,00","14,00","14,00","5,00","2,00","1.191,66","1.100,00","2.500,00","550,00","416,46","9,62","8,97","15,32","4,58","2,46","132,74","116,50","300,00","55,00","60,80","1.500,00","856,67","966,71","1.371,43","1.208,33","1.789,50","1.500,00","820,00","950,00","1.200,00","1.200,00","1.789,50",nan,"856,67","966,71","1.371,43","1.280,00","1.789,50"
Alentejo\santarem,Tomar,"28,00","3,00","4,00","11,00","6,00","3,00","1,00","978,93","850,00","3.000,00","350,00","540,18","9,47","9,83","16,18","3,74","3,24","124,32","86,50","495,00","30,00","104,26","423,33","750,00","875,45","945,00","1.613,33","3.000,00","400,00","725,00","850,00","885,00","1.990,00","3.000,00","423,33","750,00","875,45","945,00","1.613,33","3.000,00"
Alentejo\santarem,Torres Novas,"17,00","1,00","3,00","3,00","10,00","0,00","0,00","802,94","750,00","1.250,00","450,00","261,29","8,60","8,72","13,46","3,93","2,74","108,82","87,00","273,00","42,00","63,80","450,00","566,67","700,00","1.309,09","0,00","0,00","450,00","550,00","750,00","950,00","0,00","0,00","450,00","566,67","700,00","940,00",nan,nan
algarve\faro,Albufeira,"148,00","4,00","41,00","67,00","21,00","6,00","9,00","1.951,20","1.529,50","10.000,00","700,00","1.379,43","17,23","16,35","37,51","3,70","7,19","129,48","90,50","663,00","30,00","103,63","930,00","1.400,73","2.040,17","3.038,08","3.550,00","4.542,11","850,00","1.150,00","1.700,00","2.600,00","3.175,00","3.290,00","925,00","1.228,17","1.752,78","2.624,14","3.550,00","4.542,11"
algarve\faro,Aljezur,"20,00","0,00","4,00","7,00","7,00","2,00","0,00","1.871,90","1.575,00","4.500,00","800,00","883,99","13,22","12,92","23,20","3,66","4,67","156,35","148,50","410,00","60,00","82,35","1.000,00","1.162,50","1.534,29","2.442,57","2.475,00","0,00","1.000,00","1.100,00","1.500,00","2.499,00","2.475,00","0,00",nan,"1.162,50","1.534,29","2.442,57","2.475,00",nan
algarve\faro,Castro Marim,"26,00","0,00","3,00","12,00","9,00","0,00","2,00","1.533,08","1.225,00","5.300,00","690,00","1.002,47","11,51","11,54","21,05","4,50","3,97","150,58","110,00","444,00","44,00","106,89","0,00","720,00","1.695,14","1.981,70","0,00","3.650,00","0,00","720,00","1.175,00","1.600,00","0,00","3.650,00",nan,"720,00","1.187,50","1.794,44",nan,"3.650,00"
algarve\faro,Faro,"123,00","2,00","14,00","51,00","37,00","17,00","2,00","2.423,71","2.200,00","8.000,00","800,00","1.576,32","16,84","16,67","28,81","6,25","5,12","153,72","124,00","848,00","38,00","107,57","1.150,00","1.356,50","2.019,16","2.466,46","4.518,06","5.200,00","1.150,00","1.350,00","2.300,00","2.000,00","3.500,00","5.200,00","1.150,00","1.203,93","2.019,16","2.466,46","4.372,06","5.200,00"
algarve\faro,Lagoa (Algarve),"60,00","2,00","13,00","23,00","13,00","6,00","3,00","2.165,48","1.550,00","6.000,00","750,00","1.241,11","18,50","16,29","39,80","6,40","9,16","130,88","107,50","488,00","32,00","80,20","1.275,00","1.554,93","1.707,42","2.990,23","3.425,33","9.050,00","1.300,00","1.356,50","1.475,00","2.900,00","3.181,00","4.600,00","1.050,00","1.482,08","1.649,43","2.990,23","3.425,33","3.733,33"
algarve\faro,Lagos,"94,00","5,00","18,00","46,00","20,00","3,00","2,00","1.914,76","1.650,00","5.250,00","600,00","966,39","18,03","17,62","30,00","6,25","5,20","111,41","100,00","350,00","30,00","57,74","838,00","1.268,42","1.759,79","3.194,32","5.900,80","3.664,00","700,00","1.300,00","1.700,00","2.625,00","4.200,00","3.664,00","838,00","1.255,56","1.723,91","2.818,45","3.400,00","3.664,00"
algarve\faro,Loulé,"353,00","14,00","62,00","114,00","88,00","46,00","29,00","3.601,22","2.250,00","30.000,00","660,00","4.105,40","19,80","18,53","40,32","0,34","7,04","206,68","130,00","10.449,00","35,00","568,44","1.175,00","1.417,48","2.149,98","3.418,99","7.137,98","13.260,90","1.100,00","1.400,00","2.000,00","3.000,00","6.000,00","10.000,00","1.104,64","1.397,98","2.077,61","3.077,10","6.247,17","12.899,59"
algarve\faro,Olhão,"32,00","0,00","5,00","20,00","5,00","2,00","0,00","1.444,34","1.350,00","2.500,00","650,00","487,72","13,18","12,88","24,00","6,34","4,24","120,31","103,00","300,00","50,00","58,91","0,00","1.170,00","1.424,71","1.630,00","1.900,00","0,00","0,00","1.200,00","1.400,00","1.500,00","1.900,00","0,00",nan,"1.170,00","1.420,95","1.630,00","1.900,00",nan
algarve\faro,Portimão,"220,00","9,00","83,00","83,00","37,00","6,00","2,00","1.395,99","1.250,00","3.500,00","550,00","606,44","15,07","14,38","29,23","7,14","4,67","97,86","85,50","280,00","34,00","44,02","896,00","1.132,48","1.506,44","2.156,59","4.432,71","4.094,33","900,00","975,00","1.400,00","2.000,00","3.340,00","2.890,00","895,56","1.019,80","1.409,61","2.010,70","2.980,00","2.570,00"
algarve\faro,Silves,"77,00","5,00","24,00","30,00","8,00","3,00","7,00","2.203,58","1.400,00","16.000,00","600,00","2.914,36","14,96","12,97","29,68","0,56","6,26","501,64","98,00","28.625,00","45,00","3.248,89","900,00","1.325,84","1.741,09","1.937,50","3.166,67","9.987,50","900,00","1.050,00","1.400,00","2.175,00","3.500,00","13.500,00","900,00","1.276,92","1.487,67","1.937,50","3.166,67","9.271,43"
algarve\faro,São Brás de Alportel,"10,00","0,00","1,00","3,00","3,00","2,00","1,00","2.522,50","2.550,00","4.500,00","525,00","1.256,78","13,41","12,26","26,00","7,14","5,27","209,30","210,50","372,00","34,00","116,67","750,00","525,00","1.766,67","2.466,67","5.000,00","4.000,00","750,00","525,00","1.400,00","2.500,00","4.500,00","4.000,00",nan,"525,00","1.766,67","2.466,67","4.000,00","4.000,00"
algarve\faro,Tavira,"164,00","5,00","48,00","75,00","26,00","7,00","3,00","1.472,98","1.350,00","5.735,00","420,00","779,18","15,32","14,98","27,78","0,01","5,45","542,95","90,50","72.480,00","20,00","5.652,06","704,00","1.203,04","1.434,56","2.066,26","2.876,43","3.933,33","750,00","1.100,00","1.350,00","2.000,00","2.000,00","3.500,00","704,00","1.057,92","1.377,67","2.000,35","2.876,43","3.933,33"
algarve\faro,Vila Real de Santo António,"112,00","7,00","44,00","40,00","15,00","5,00","1,00","1.002,41","850,00","3.500,00","500,00","473,77","12,46","12,50","21,43","4,41","3,20","86,21","72,50","300,00","35,00","48,00","647,86","857,85","1.020,73","1.890,65","1.650,00","3.500,00","640,00","750,00","900,00","1.500,00","1.500,00","3.500,00","647,86","764,43","996,25","1.500,00","1.650,00","3.500,00"
algarve\faro,Vila do Bispo,"13,00","0,00","3,00","5,00","3,00","2,00","0,00","1.666,92","1.600,00","2.500,00","900,00","506,68","19,25","17,31","38,33","10,87","7,85","98,31","78,00","202,00","50,00","47,71","0,00","1.638,50","1.474,00","1.800,00","2.250,00","0,00","0,00","1.677,00","1.520,00","2.100,00","2.250,00","0,00",nan,"1.466,67","1.474,00","1.800,00","2.250,00",nan
centro\Guarda,Guarda,"9,00","0,00","0,00","6,00","3,00","0,00","0,00","572,11","600,00","819,00","280,00","154,46","6,29","6,47","9,00","3,30","1,69","99,11","85,00","212,00","40,00","47,30","0,00","0,00","513,33","689,67","0,00","0,00","0,00","0,00","525,00","650,00","0,00","0,00",nan,nan,"513,33","689,67",nan,nan
centro\Guarda,Seia,"7,00","0,00","0,00","3,00","3,00","0,00","1,00","636,43","500,00","1.200,00","440,00","271,27","5,52","4,94","9,12","2,67","2,03","143,57","90,00","450,00","75,00","135,65","0,00","0,00","756,00","588,33","0,00","1.200,00","0,00","0,00","500,00","550,00","0,00","1.200,00",nan,nan,"496,67","588,33",nan,"1.200,00"
centro\Leiria,Alcobaça,"55,00","4,00","11,00","21,00","16,00","2,00","1,00","1.024,00","850,00","5.750,00","300,00","738,30","10,39","9,29","22,73","1,84","4,50","115,73","102,00","500,00","26,00","86,61","537,50","1.047,50","987,62","1.025,94","1.350,00","5.750,00","527,50","750,00","900,00","882,50","1.350,00","5.750,00","537,50","778,64","987,62","1.025,94","1.350,00","5.750,00"
centro\Leiria,Batalha,"8,00","0,00","0,00","3,00","2,00","2,00","1,00","998,12","1.025,00","1.200,00","630,00","212,85","7,01","6,86","8,33","5,66","0,91","145,00","145,50","190,00","80,00","36,73","0,00","0,00","778,33","1.025,00","1.200,00","2.350,00","0,00","0,00","780,00","1.025,00","1.200,00","2.350,00",nan,nan,"778,33","1.025,00","1.200,00","1.200,00"
centro\Leiria,Bombarral,"17,00","1,00","3,00","3,00","7,00","3,00","0,00","1.244,41","1.200,00","2.300,00","650,00","521,37","10,34","8,50","21,82","2,77","5,38","155,41","125,00","298,00","40,00","93,09","790,00","866,67","1.116,67","1.261,43","1.861,67","0,00","790,00","750,00","1.200,00","1.200,00","2.300,00","0,00","790,00","866,67","1.116,67","1.261,43","1.861,67",nan
centro\Leiria,Caldas da Rainha,"80,00","5,00","9,00","33,00","25,00","7,00","1,00","1.252,62","1.100,00","4.900,00","500,00","670,72","11,68","11,37","20,00","3,50","3,63","118,44","100,00","350,00","25,00","67,69","553,33","830,00","1.030,30","1.603,60","2.042,86","1.450,00","535,00","800,00","1.000,00","1.440,00","1.450,00","1.450,00","564,00","838,89","1.030,30","1.603,60","2.042,86","1.450,00"
centro\Leiria,Leiria,"99,00","4,00","16,00","30,00","38,00","7,00","4,00","1.498,63","950,00","20.000,00","400,00","2.724,01","9,41","9,52","17,60","1,62","3,16","174,98","120,00","2.086,00","35,00","288,75","564,29","776,33","1.104,17","1.152,63","1.810,71","11.075,00","580,00","702,00","912,50","1.000,00","1.200,00","11.250,00","572,50","760,88","1.104,17","1.152,63","1.810,71","11.075,00"
centro\Leiria,Marinha Grande,"12,00","0,00","0,00","2,00","6,00","3,00","1,00","1.010,00","910,00","1.700,00","600,00","284,48","6,62","6,07","11,33","4,00","2,13","160,00","148,00","300,00","100,00","50,93","0,00","1.800,00","725,00","928,33","1.366,67","1.000,00","0,00","1.800,00","725,00","900,00","1.200,00","1.000,00",nan,nan,"725,00","928,33","1.366,67","1.000,00"
centro\Leiria,Nazaré,"45,00","1,00","3,00","26,00","14,00","0,00","1,00","1.146,00","1.100,00","2.000,00","600,00","327,56","13,20","13,04","28,57","5,19","5,46","103,51","90,00","385,00","25,00","61,85","1.000,00","825,00","1.154,62","1.591,18","0,00","2.000,00","1.000,00","700,00","1.150,00","1.200,00","0,00","2.000,00","1.000,00","666,67","1.154,62","1.182,14",nan,"2.000,00"
centro\Leiria,Peniche,"76,00","2,00","16,00","31,00","20,00","6,00","1,00","1.231,64","1.150,00","2.300,00","550,00","390,00","14,23","13,75","29,17","4,56","5,92","101,58","85,00","263,00","29,00","53,51","775,00","969,69","1.280,65","1.409,50","1.166,67","1.650,00","775,00","1.000,00","1.300,00","1.300,00","1.100,00","1.650,00","775,00","969,69","1.280,65","1.409,50","1.166,67","1.650,00"
centro\Leiria,Pombal,"9,00","0,00","0,00","5,00","4,00","0,00","0,00","783,33","850,00","900,00","600,00","111,80","8,12","8,57","12,86","4,67","2,66","104,11","90,00","150,00","70,00","29,91","0,00","0,00","820,00","737,50","0,00","0,00","0,00","0,00","850,00","725,00","0,00","0,00",nan,nan,"820,00","737,50",nan,nan
centro\Leiria,Óbidos,"41,00","0,00","6,00","15,00","16,00","3,00","1,00","1.658,41","1.600,00","5.000,00","500,00","783,07","12,07","11,36","22,99","3,51","5,09","154,61","138,00","570,00","44,00","89,48","0,00","1.208,33","1.613,33","1.640,31","2.966,67","1.400,00","0,00","1.350,00","1.700,00","1.625,00","2.500,00","1.400,00",nan,"1.208,33","1.613,33","1.640,31","2.966,67","1.400,00"
centro\aveiro,Anadia,"8,00","0,00","2,00","3,00","2,00","0,00","1,00","732,50","687,50","1.100,00","550,00","180,79","9,98","10,25","13,41","7,50","1,92","77,38","80,00","143,00","41,00","30,38","0,00","572,50","721,67","725,00","0,00","1.100,00","0,00","572,50","725,00","725,00","0,00","1.100,00",nan,"572,50","721,67","725,00",nan,"1.100,00"
centro\aveiro,Aveiro,"170,00","25,00","59,00","49,00","28,00","9,00","0,00","1.084,81","1.055,00","2.500,00","300,00","300,72","13,56","12,64","27,50","4,29","5,08","93,64","85,00","339,00","20,00","48,35","790,77","1.021,95","1.119,80","1.309,29","1.455,56","0,00","770,00","1.000,00","1.100,00","1.300,00","1.300,00","0,00","790,80","1.017,24","1.119,80","1.309,29","1.455,56",nan
centro\aveiro,Espinho,"60,00","3,00","11,00","21,00","14,00","10,00","1,00","1.370,10","1.250,00","2.750,00","750,00","504,64","13,54","11,45","27,45","3,67","5,93","122,22","116,00","473,00","36,00","74,43","848,33","1.072,27","1.321,13","1.418,07","1.915,00","2.750,00","800,00","950,00","1.250,00","1.345,00","1.650,00","2.750,00","848,33","1.072,27","1.243,48","1.418,07","1.915,00","2.750,00"
centro\aveiro,Oliveira de Azeméis,"14,00","0,00","5,00","5,00","4,00","0,00","0,00","769,64","750,00","1.250,00","600,00","181,92","9,78","10,00","19,23","4,78","3,80","90,21","76,00","175,00","50,00","41,94","0,00","740,00","765,00","812,50","0,00","0,00","0,00","600,00","750,00","800,00","0,00","0,00",nan,"740,00","765,00","812,50",nan,nan
centro\aveiro,Oliveira do Bairro,"10,00","0,00","0,00","4,00","3,00","3,00","0,00","929,50","847,50","1.500,00","700,00","274,33","6,30","6,41","8,93","3,60","1,82","165,00","139,00","300,00","84,00","79,31","0,00","0,00","712,50","1.081,67","1.066,67","0,00","0,00","0,00","700,00","950,00","1.000,00","0,00",nan,nan,"712,50","1.081,67","1.066,67",nan
centro\aveiro,Ovar,"33,00","3,00","6,00","7,00","14,00","2,00","1,00","1.366,30","1.200,00","3.000,00","500,00","628,11","11,69","9,09","27,00","0,10","6,12","281,18","125,00","5.000,00","39,00","850,13","1.372,00","1.185,71","1.273,00","1.596,21","1.700,00","2.100,00","960,00","1.100,00","900,00","1.500,00","1.700,00","2.100,00","806,67","985,00","1.273,00","1.596,21","1.700,00","2.100,00"
centro\aveiro,Santa Maria da Feira,"38,00","1,00","4,00","16,00","16,00","0,00","1,00","1.059,61","882,50","6.000,00","500,00","867,65","7,57","7,74","12,50","3,00","2,04","153,13","124,00","672,00","40,00","123,17","500,00","1.666,67","844,69","1.470,59","0,00","2.200,00","500,00","750,00","850,00","1.100,00","0,00","2.200,00","500,00","2.012,50","844,69","1.000,00",nan,"2.200,00"
centro\aveiro,Águeda,"7,00","0,00","0,00","2,00","4,00","1,00","0,00","985,71","900,00","1.200,00","750,00","165,11","7,03","7,37","8,16","5,50","0,96","142,71","142,00","200,00","100,00","31,97","550,00","0,00","825,00","1.070,00","1.100,00","2.000,00","550,00","0,00","825,00","1.150,00","1.100,00","2.000,00",nan,nan,"825,00","1.037,50","1.100,00",nan
centro\aveiro,Ílhavo,"52,00","1,00","12,00","26,00","12,00","0,00","1,00","1.083,75","1.075,00","2.200,00","600,00","304,22","11,22","11,02","18,33","6,50","3,14","103,42","100,00","233,00","42,00","38,55","675,00","869,23","1.075,19","1.343,75","0,00","1.700,00","675,00","800,00","1.100,00","1.275,00","0,00","1.700,00","675,00","825,00","1.075,19","1.343,75",nan,"1.700,00"
centro\castelo branco,Castelo Branco,"32,00","1,00","6,00","8,00","13,00","4,00","0,00","758,12","700,00","1.490,00","400,00","238,10","7,95","7,57","13,33","2,48","2,68","107,84","93,50","303,00","35,00","54,69","450,00","533,33","760,62","810,38","997,50","0,00","450,00","525,00","700,00","800,00","875,00","0,00","450,00","533,33","760,62","810,38","997,50",nan
centro\castelo branco,Covilhã,"75,00","11,00","24,00","18,00","16,00","4,00","2,00","623,32","600,00","1.600,00","300,00","244,53","8,32","7,56","17,67","2,48","3,25","90,55","80,00","400,00","20,00","61,82","480,33","497,67","590,28","826,88","845,00","1.300,00","490,00","450,00","512,50","750,00","840,00","1.300,00","451,82","497,67","590,28","826,88","845,00","1.300,00"
centro\coimbra,Arganil,"16,00","0,00","4,00","6,00","2,00","4,00","0,00","758,75","685,00","2.200,00","300,00","442,66","7,73","7,29","13,49","4,22","3,07","106,38","95,00","250,00","40,00","57,26","0,00","500,00","623,33","650,00","1.275,00","0,00","0,00","475,00","650,00","650,00","1.025,00","0,00",nan,"500,00","623,33","650,00","1.275,00",nan
centro\coimbra,Cantanhede,"7,00","0,00","1,00","4,00","2,00","0,00","0,00","735,71","550,00","1.200,00","500,00","273,43","4,79","4,67","6,45","3,67","0,96","159,71","130,00","300,00","100,00","73,04","0,00","525,00","662,50","1.000,00","0,00","0,00","0,00","525,00","550,00","1.000,00","0,00","0,00",nan,"500,00","662,50","1.000,00",nan,nan
centro\coimbra,Coimbra,"349,00","140,00","77,00","59,00","51,00","11,00","11,00","867,03","800,00","3.500,00","380,00","402,61","17,97","15,50","41,18","1,10","8,46","67,41","49,00","500,00","13,00","63,00","618,80","768,81","1.057,71","1.161,18","1.161,36","2.104,55","600,00","750,00","950,00","1.100,00","1.000,00","1.950,00","613,17","768,81","1.057,71","1.161,18","1.161,36","2.104,55"
centro\coimbra,Figueira da Foz,"85,00","1,00","11,00","46,00","24,00","2,00","1,00","890,00","850,00","1.650,00","400,00","257,70","9,81","10,31","15,00","4,20","2,14","93,06","90,00","200,00","40,00","27,01","650,00","697,67","870,71","1.107,00","1.097,50","1.200,00","600,00","650,00","825,00","1.200,00","1.097,50","1.200,00","600,00","615,00","822,07","1.128,12","1.097,50","1.200,00"
centro\coimbra,Montemor-o-Velho,"5,00","0,00","5,00","0,00","0,00","0,00","0,00","800,00","800,00","800,00","800,00","0,00","8,18","8,00","8,89","8,00","0,40","98,00","100,00","100,00","90,00","4,47","0,00","758,33","550,00","0,00","0,00","800,00","0,00","800,00","550,00","0,00","0,00","800,00",nan,"800,00",nan,nan,nan,nan
centro\viseu,Oliveira de Frades,"7,00","0,00","2,00","1,00","3,00","1,00","0,00","658,57","800,00","850,00","300,00","211,38","6,83","6,67","7,50","5,75","0,61","97,14","120,00","120,00","40,00","31,47","0,00","406,67","525,00","800,00","850,00","0,00","0,00","460,00","525,00","800,00","850,00","0,00",nan,"380,00","600,00","800,00","850,00",nan
centro\viseu,Tondela,"14,00","0,00","2,00","6,00","1,00","3,00","2,00","765,71","600,00","2.200,00","400,00","497,84","6,89","6,49","12,00","2,62","2,86","130,07","108,50","300,00","40,00","82,69","0,00","425,00","611,67","450,00","1.016,67","1.350,00","0,00","425,00","600,00","450,00","900,00","1.350,00",nan,"425,00","611,67","450,00","1.016,67","1.350,00"
centro\viseu,Viseu,"88,00","2,00","23,00","30,00","25,00","6,00","2,00","868,47","800,00","2.000,00","390,00","271,85","8,80","8,45","18,23","2,98","3,23","114,08","101,00","389,00","35,00","62,41","675,00","2.171,61","900,00","886,00","1.200,00","1.325,00","675,00","750,00","850,00","800,00","1.275,00","1.325,00","675,00","698,91","900,00","886,00","1.200,00","1.325,00"
lisboa,Ajuda,"110,00","19,00","40,00","38,00","11,00","2,00","0,00","1.557,69","1.325,00","7.500,00","850,00","942,38","24,16","23,25","38,46","12,22","6,24","68,36","60,00","263,00","24,00","38,32","1.008,00","1.284,15","1.634,59","2.208,64","7.500,00","0,00","1.000,00","1.250,00","1.650,00","2.300,00","7.500,00","0,00","1.008,00","1.266,25","1.638,13","2.208,64","7.500,00",nan
lisboa,Alcântara,"140,00","10,00","39,00","63,00","20,00","5,00","3,00","1.887,81","1.600,00","9.000,00","820,00","1.000,44","23,29","22,00","39,27","9,31","6,41","86,56","75,00","320,00","30,00","47,32","1.204,79","1.400,10","1.929,78","2.390,00","3.600,00","4.933,33","1.101,00","1.300,00","1.900,00","2.000,00","3.900,00","4.800,00","1.065,70","1.368,85","1.899,22","2.390,00","3.600,00","4.933,33"
lisboa,Alenquer,"18,00","0,00","3,00","10,00","4,00","0,00","1,00","1.032,50","945,00","2.300,00","650,00","382,92","10,20","9,88","14,44","7,84","1,94","102,56","98,00","180,00","45,00","32,17","0,00","992,50","951,50","1.260,00","0,00","2.300,00","0,00","810,00","862,50","1.200,00","0,00","2.300,00",nan,"756,67","951,50","1.125,00",nan,"2.300,00"
lisboa,Alvalade,"227,00","9,00","47,00","89,00","53,00","21,00","8,00","2.099,49","1.900,00","7.000,00","650,00","903,61","21,77","20,41","38,60","10,53","6,16","103,87","90,00","400,00","25,00","56,99","973,64","1.605,21","1.975,90","2.308,21","2.785,24","4.643,75","1.000,00","1.505,00","1.800,00","2.100,00","2.300,00","4.400,00","962,78","1.576,38","1.975,90","2.308,21","2.785,24","4.643,75"
lisboa,Amadora,"185,00","5,00","39,00","98,00","35,00","6,00","2,00","1.359,42","1.200,00","4.500,00","525,00","540,16","16,50","16,15","26,83","7,02","3,92","89,98","80,00","406,00","25,00","55,11","811,67","991,31","1.311,17","1.723,61","2.975,00","2.525,00","850,00","990,00","1.200,00","1.625,00","2.750,00","2.525,00","768,00","976,54","1.292,01","1.715,71","2.975,00","2.525,00"
lisboa,Areeiro,"144,00","3,00","27,00","45,00","37,00","23,00","9,00","2.503,12","2.200,00","13.500,00","900,00","1.611,58","21,46","18,75","45,45","10,28","7,87","123,63","107,50","504,00","25,00","66,98","1.020,14","1.781,61","2.202,00","2.463,65","3.908,70","3.225,00","990,00","1.555,00","1.750,00","2.200,00","2.500,00","2.750,00","1.250,00","1.789,07","2.202,00","2.463,65","3.908,70","3.138,89"
lisboa,Arroios,"443,00","34,00","117,00","171,00","80,00","24,00","17,00","2.161,36","1.900,00","10.000,00","650,00","1.105,51","26,62","24,44","52,00","9,82","9,32","88,37","80,00","311,00","20,00","47,05","1.316,48","1.710,37","2.177,17","2.671,39","3.221,46","3.864,71","1.200,00","1.500,00","1.950,00","2.396,50","2.600,00","3.400,00","1.207,50","1.648,72","2.145,05","2.671,39","3.221,46","3.864,71"
lisboa,Avenidas Novas,"251,00","9,00","52,00","56,00","72,00","47,00","15,00","2.915,98","2.500,00","12.500,00","995,00","1.790,46","23,08","20,38","48,57","4,68","8,66","139,04","124,00","736,00","24,00","87,30","1.298,12","1.793,12","2.605,26","2.831,57","4.253,38","5.516,67","1.250,00","1.700,00","2.300,00","2.725,00","3.600,00","4.100,00","1.216,11","1.725,00","2.584,55","2.831,57","4.253,38","5.516,67"
lisboa,Beato,"61,00","0,00","26,00","20,00","15,00","0,00","0,00","1.562,97","1.400,00","3.900,00","750,00","604,63","20,50","20,00","35,16","10,71","5,64","81,00","68,00","172,00","37,00","35,13","0,00","1.417,39","1.456,19","2.264,40","0,00","0,00","0,00","1.280,00","1.350,00","1.950,00","0,00","0,00",nan,"1.262,50","1.427,50","2.264,40",nan,nan
lisboa,Belém,"128,00","7,00","30,00","40,00","27,00","15,00","9,00","2.515,55","1.900,00","15.000,00","650,00","2.183,79","20,73","21,52","34,91","8,77","5,19","127,88","94,50","940,00","25,00","111,60","1.178,33","1.520,94","1.836,22","2.501,67","6.461,90","5.622,22","1.100,00","1.450,00","1.800,00","2.000,00","4.000,00","5.000,00","1.077,14","1.504,00","1.807,12","2.501,67","5.260,00","5.622,22"
lisboa,Benfica,"126,00","6,00","24,00","61,00","31,00","3,00","1,00","1.668,07","1.350,00","5.700,00","680,00","826,02","19,41","18,25","33,93","7,80","5,72","92,20","81,00","300,00","25,00","47,50","921,67","1.176,60","1.496,51","2.205,00","4.366,67","4.250,00","900,00","1.050,00","1.350,00","2.100,00","3.800,00","4.250,00","953,33","1.144,38","1.496,51","2.205,00","4.366,67","4.250,00"
lisboa,Campo de Ourique,"215,00","10,00","50,00","92,00","48,00","14,00","1,00","2.233,60","1.800,00","11.500,00","900,00","1.368,92","24,17","23,44","40,00","10,43","6,27","96,28","80,00","410,00","30,00","55,14","1.161,00","1.500,92","1.971,99","3.211,52","4.837,14","5.500,00","1.075,00","1.500,00","1.800,00","2.900,00","3.950,00","5.500,00","1.161,00","1.422,78","1.960,82","2.997,08","4.837,14","5.500,00"
lisboa,Campolide,"207,00","8,00","80,00","79,00","25,00","11,00","4,00","2.082,22","1.700,00","6.950,00","700,00","1.041,17","24,49","23,22","44,13","12,00","7,32","90,82","75,00","365,00","19,00","49,58","1.256,67","1.646,43","2.248,12","3.207,08","4.187,73","2.150,00","1.265,00","1.600,00","2.079,00","2.875,00","3.460,00","2.050,00","1.187,50","1.570,25","2.187,97","2.735,36","4.187,73","2.150,00"
lisboa,Carnide,"45,00","2,00","10,00","19,00","8,00","6,00","0,00","1.633,58","1.500,00","3.600,00","900,00","584,18","17,25","17,12","26,74","9,05","4,24","101,02","90,00","205,00","40,00","42,91","1.200,00","1.249,64","1.534,21","1.970,62","2.408,33","0,00","1.200,00","1.150,00","1.500,00","1.975,00","1.850,00","0,00","1.200,00","1.174,60","1.534,21","1.970,62","2.408,33",nan
lisboa,Cascais,"1.326,00","22,00","193,00","378,00","418,00","206,00","109,00","3.852,21","2.750,00","30.000,00","750,00","3.419,45","22,47","21,12","44,30","1,96","7,28","173,75","130,00","1.237,00","24,00","135,30","1.321,57","1.711,43","2.578,51","4.109,70","6.388,17","11.114,02","1.325,00","1.500,00","2.150,00","3.500,00","5.500,00","9.000,00","1.240,91","1.596,62","2.360,70","3.824,70","5.810,70","9.949,59"
lisboa,Estrela,"389,00","38,00","118,00","155,00","50,00","15,00","13,00","2.815,88","2.250,00","28.000,00","700,00","2.508,06","27,18","26,14","50,00","10,67","7,58","109,79","82,00","738,00","19,00","92,24","1.597,80","1.759,21","2.719,18","4.636,40","8.052,27","10.284,62","1.300,00","1.650,00","2.505,00","3.200,00","5.175,00","7.950,00","1.579,34","1.745,47","2.706,15","4.421,86","3.676,67","10.284,62"
lisboa,Loures,"169,00","1,00","25,00","53,00","68,00","17,00","5,00","1.616,63","1.300,00","13.000,00","750,00","1.118,03","14,88","14,62","26,47","7,20","3,64","113,38","100,00","560,00","40,00","64,05","900,00","1.371,75","1.596,59","1.720,57","2.429,41","4.650,00","900,00","1.100,00","1.250,00","1.575,00","2.000,00","2.800,00","900,00","1.046,60","1.253,87","1.693,24","2.429,41","4.650,00"
lisboa,Lourinhã,"37,00","2,00","6,00","12,00","8,00","6,00","3,00","1.518,51","1.200,00","3.500,00","550,00","863,93","12,42","11,25","22,92","4,50","5,13","153,84","111,00","438,00","24,00","120,01","550,00","771,67","1.117,92","1.761,25","2.383,33","2.883,33","550,00","800,00","992,50","1.845,00","2.150,00","3.250,00","550,00","771,67","1.117,92","1.761,25","2.383,33","2.883,33"
lisboa,Lumiar,"167,00","2,00","29,00","51,00","62,00","18,00","5,00","1.930,32","1.800,00","6.300,00","950,00","739,31","16,60","16,50","25,38","9,04","3,36","120,46","109,00","298,00","40,00","47,68","1.015,00","1.465,03","1.646,64","2.128,20","2.970,53","3.433,33","1.015,00","1.490,00","1.600,00","1.925,00","2.400,00","2.775,00","1.015,00","1.440,21","1.639,65","2.124,27","2.785,56","2.620,00"
lisboa,Mafra,"137,00","6,00","20,00","62,00","30,00","12,00","7,00","1.901,14","1.500,00","10.000,00","500,00","1.332,45","15,39","14,56","35,42","4,19","7,14","141,93","120,00","700,00","24,00","95,58","1.258,33","1.278,18","1.556,47","2.061,00","2.358,33","5.950,71","950,00","1.275,00","1.400,00","1.700,00","1.775,00","6.500,00","1.258,33","1.231,00","1.556,47","2.061,00","2.358,33","5.950,71"
lisboa,Marvila,"88,00","8,00","23,00","37,00","13,00","5,00","2,00","2.126,20","1.625,00","16.500,00","850,00","1.888,70","22,22","21,25","36,36","9,29","5,75","102,80","80,50","1.046,00","31,00","113,99","1.318,33","1.580,46","1.825,05","2.946,92","2.230,00","12.250,00","1.350,00","1.600,00","1.500,00","3.300,00","2.250,00","12.250,00","1.233,12","1.554,52","1.825,05","2.946,92","2.230,00","12.250,00"
lisboa,Misericórdia,"429,00","49,00","189,00","114,00","45,00","26,00","6,00","2.275,43","1.800,00","12.000,00","670,00","1.521,17","29,23","27,50","57,90","9,52","8,94","82,94","65,00","451,00","17,00","56,03","1.503,11","1.750,26","2.483,93","3.971,34","4.369,62","7.535,29","1.290,00","1.600,00","2.000,00","3.420,00","4.230,00","5.600,00","1.278,98","1.667,29","2.364,31","3.892,29","4.369,62","6.680,00"
lisboa,Odivelas,"168,00","1,00","18,00","61,00","74,00","10,00","4,00","1.654,14","1.550,00","3.900,00","750,00","542,86","14,01","13,83","22,54","6,30","3,32","128,48","116,00","387,00","45,00","65,42","949,50","1.034,29","1.416,94","1.917,00","3.350,00","3.000,00","949,50","1.000,00","1.300,00","1.850,00","2.475,00","3.000,00","900,00","1.051,11","1.420,49","1.827,36","2.420,00","3.000,00"
lisboa,Oeiras,"459,00","10,00","68,00","165,00","148,00","50,00","18,00","2.386,31","1.800,00","14.000,00","600,00","1.908,66","18,33","17,28","33,33","5,03","5,40","135,07","110,00","1.098,00","20,00","97,12","1.025,29","1.287,36","1.788,28","2.565,51","4.461,94","7.970,75","1.100,00","1.200,00","1.500,00","2.275,00","3.500,00","5.842,50","968,00","1.245,81","1.731,03","2.505,58","4.251,18","7.328,61"
lisboa,Olivais,"82,00","1,00","22,00","29,00","18,00","12,00","0,00","1.852,99","1.625,00","6.500,00","800,00","823,11","20,61","18,52","40,00","10,00","7,02","98,72","81,00","347,00","20,00","52,57","850,00","1.583,04","1.611,90","2.125,83","2.710,83","0,00","852,50","1.500,00","1.500,00","2.000,00","2.250,00","0,00","800,00","1.527,50","1.611,90","2.125,83","2.710,83",nan
lisboa,Parque das Nações,"220,00","4,00","53,00","97,00","53,00","12,00","1,00","2.415,87","2.100,00","7.000,00","1.000,00","1.053,55","21,55","20,00","40,32","11,56","6,37","118,78","110,00","386,00","40,00","53,71","1.802,57","1.756,02","2.217,58","3.216,81","4.557,50","5.900,00","1.450,00","1.700,00","2.100,00","2.750,00","4.375,00","5.900,00","1.272,50","1.670,66","2.174,82","3.137,89","4.557,50","5.900,00"
lisboa,Penha de França,"213,00","8,00","71,00","88,00","36,00","5,00","5,00","1.685,15","1.500,00","10.000,00","590,00","847,49","22,87","21,78","44,00","7,71","6,75","78,42","74,00","297,00","15,00","36,35","989,67","1.359,17","1.617,31","2.093,19","4.380,00","3.300,00","1.000,00","1.300,00","1.600,00","2.175,00","2.400,00","3.300,00","933,75","1.343,49","1.617,31","2.093,19","4.380,00","3.300,00"
lisboa,Santa Clara,"44,00","0,00","8,00","23,00","11,00","0,00","2,00","1.633,98","1.500,00","2.700,00","700,00","525,32","15,75","15,98","22,73","7,80","3,20","109,57","96,50","282,00","44,00","48,34","0,00","1.282,22","1.523,70","2.090,91","0,00","2.200,00","0,00","1.150,00","1.500,00","1.900,00","0,00","2.200,00",nan,"1.181,25","1.523,70","2.090,91",nan,"2.200,00"
lisboa,Santa Maria Maior,"438,00","45,00","187,00","164,00","35,00","5,00","2,00","2.033,11","1.840,00","9.500,00","650,00","1.065,55","30,62","28,57","62,50","9,41","10,54","71,52","60,00","329,00","15,00","40,39","1.288,98","1.739,86","2.451,51","3.150,81","4.200,00","5.290,00","1.200,00","1.550,00","2.200,00","2.900,00","3.800,00","5.290,00","1.141,98","1.678,48","2.370,80","2.995,60","4.200,00","5.290,00"
lisboa,Santo António,"972,00","100,00","340,00","345,00","126,00","48,00","13,00","2.818,15","2.250,00","15.000,00","850,00","1.780,35","31,22","31,25","58,10","10,17","8,79","94,28","80,00","385,00","20,00","55,59","1.448,17","1.988,90","3.333,47","4.049,65","5.653,16","4.130,00","1.500,00","1.850,00","3.000,00","3.500,00","4.775,00","3.900,00","1.386,40","1.960,32","3.236,21","4.049,65","5.284,54","4.130,00"
lisboa,Sintra,"337,00","4,00","48,00","127,00","90,00","44,00","24,00","2.286,53","1.500,00","20.000,00","490,00","2.210,76","14,31","13,89","25,74","4,62","3,84","162,84","110,00","1.600,00","32,00","144,80","1.060,56","1.136,89","1.477,22","2.239,76","4.078,89","7.640,74","950,00","1.000,00","1.250,00","1.750,00","3.400,00","6.000,00","1.148,75","1.105,42","1.369,92","2.145,30","3.955,68","7.158,33"
lisboa,São Domingos de Benfica,"185,00","5,00","35,00","81,00","50,00","14,00","0,00","1.834,46","1.650,00","3.950,00","600,00","642,23","18,33","17,86","30,95","10,04","4,35","105,42","95,00","230,00","24,00","42,49","1.150,31","1.522,07","1.751,13","2.167,70","2.596,43","0,00","1.190,00","1.395,00","1.625,00","2.050,00","2.350,00","0,00","855,00","1.449,14","1.724,01","2.167,70","2.596,43",nan
lisboa,São Vicente,"265,00","14,00","95,00","119,00","34,00","3,00","0,00","1.755,63","1.590,00","6.000,00","600,00","748,11","26,00","24,49","50,00","11,54","8,47","72,30","65,00","265,00","24,00","33,24","1.082,93","1.597,77","1.860,67","2.631,00","2.933,33","18.000,00","1.100,00","1.400,00","1.700,00","2.172,50","2.500,00","18.000,00","1.082,93","1.485,59","1.770,56","2.631,00","2.933,33",nan
lisboa,Torres Vedras,"69,00","0,00","11,00","25,00","24,00","7,00","2,00","1.294,13","1.200,00","2.500,00","650,00","462,27","11,29","10,91","20,95","2,71","3,74","134,36","105,00","590,00","47,00","91,14","800,00","863,75","1.157,69","1.641,54","1.864,29","2.000,00","800,00","775,00","1.150,00","1.425,00","2.000,00","2.000,00",nan,"787,73","1.140,00","1.461,67","1.864,29","2.000,00"
lisboa,Vila Franca de Xira,"68,00","0,00","7,00","29,00","30,00","0,00","2,00","1.352,72","1.250,00","2.950,00","600,00","420,07","12,65","11,69","22,03","6,17","3,56","118,13","109,00","343,00","35,00","58,66","0,00","925,71","1.204,31","1.494,33","0,00","2.875,00","0,00","1.000,00","1.100,00","1.375,00","0,00","2.875,00",nan,"925,71","1.204,31","1.494,33",nan,"2.875,00"
madeira,madeira,"133,00","5,00","40,00","41,00","36,00","9,00","2,00","2.196,05","1.800,00","13.500,00","600,00","1.582,87","17,35","16,75","31,37","4,44","5,30","136,77","105,00","834,00","35,00","102,92","1.208,75","1.400,11","2.047,48","2.361,89","4.866,67","9.250,00","1.250,00","1.300,00","1.850,00","2.200,00","4.000,00","7.500,00","1.084,00","1.378,12","1.982,66","2.394,17","4.866,67","10.125,00"
norte,Amarante,"18,00","0,00","4,00","2,00","8,00","4,00","0,00","997,78","750,00","2.250,00","650,00","530,61","7,31","6,58","11,25","5,17","2,12","141,89","120,00","298,00","64,00","70,10","1.200,00","1.100,00","650,00","1.110,00","1.245,00","0,00","1.200,00","1.125,00","650,00","770,00","1.245,00","0,00",nan,"700,00","650,00","1.110,00","1.245,00",nan
norte,Felgueiras,"22,00","0,00","0,00","8,00","12,00","2,00","0,00","748,64","750,00","1.000,00","450,00","133,77","7,17","7,00","9,71","5,30","1,34","108,55","118,00","151,00","50,00","27,69","0,00","1.500,00","640,00","829,17","700,00","0,00","0,00","1.500,00","680,00","825,00","700,00","0,00",nan,nan,"640,00","829,17","700,00",nan
norte,Gondomar,"168,00","4,00","30,00","65,00","55,00","12,00","2,00","1.215,54","1.100,00","3.750,00","650,00","584,62","11,04","10,37","20,00","4,32","3,32","124,38","100,00","440,00","40,00","79,71","775,00","881,46","1.024,46","1.410,55","1.983,33","3.750,00","750,00","800,00","975,00","1.200,00","1.625,00","3.750,00","825,00","848,00","1.024,46","1.410,55","1.983,33","3.750,00"
norte,Lousada,"6,00","0,00","0,00","0,00","4,00","2,00","0,00","983,33","900,00","1.250,00","800,00","211,34","6,56","6,58","6,67","6,43","0,11","150,00","140,00","190,00","120,00","32,25","0,00","0,00","0,00","866,67","1.125,00","0,00","0,00","0,00","0,00","900,00","1.125,00","0,00",nan,nan,nan,"850,00","1.250,00",nan
norte,Maia,"192,00","8,00","52,00","86,00","32,00","14,00","0,00","1.207,70","1.100,00","3.400,00","700,00","455,67","11,85","11,45","20,56","5,00","3,08","111,90","101,00","415,00","41,00","61,46","717,06","920,54","1.200,32","1.524,38","2.321,11","0,00","700,00","912,50","1.200,00","1.425,00","1.450,00","0,00","762,50","922,88","1.181,72","1.524,38","1.955,71",nan
norte,Marco de Canaveses,"16,00","0,00","0,00","6,00","8,00","2,00","0,00","756,25","750,00","950,00","550,00","149,30","7,00","7,19","11,67","3,00","2,53","128,75","115,50","283,00","60,00","71,15","0,00","0,00","616,67","812,50","950,00","0,00","0,00","0,00","600,00","825,00","950,00","0,00",nan,nan,"616,67","812,50","950,00",nan
norte,Matosinhos,"868,00","74,00","258,00","270,00","151,00","100,00","15,00","1.618,48","1.300,00","5.000,00","500,00","870,11","16,14","15,08","30,23","6,76","4,94","108,59","98,00","407,00","23,00","61,42","1.024,42","1.137,12","1.505,34","1.955,38","3.075,30","2.938,67","900,00","1.100,00","1.400,00","1.700,00","3.500,00","2.640,00","903,24","1.103,44","1.505,34","1.955,38","3.075,30","2.938,67"
norte,Paredes,"18,00","2,00","0,00","4,00","10,00","2,00","0,00","965,56","900,00","1.300,00","750,00","199,54","8,59","9,01","15,80","4,33","3,27","132,33","120,00","300,00","50,00","71,18","620,00","0,00","1.316,67","1.030,00","1.200,00","0,00","620,00","0,00","800,00","1.000,00","1.200,00","0,00","790,00",nan,"775,00","1.030,00","1.200,00",nan
norte,Paços de Ferreira,"8,00","0,00","0,00","0,00","8,00","0,00","0,00","1.000,00","1.000,00","1.000,00","1.000,00","0,00","8,33","8,33","8,33","8,33","0,00","120,00","120,00","120,00","120,00","0,00","0,00","0,00","0,00","1.325,00","0,00","0,00","0,00","0,00","0,00","1.000,00","0,00","0,00",nan,nan,nan,"1.000,00",nan,nan
norte,Penafiel,"18,00","2,00","2,00","10,00","4,00","0,00","0,00","850,00","800,00","1.500,00","300,00","324,49","8,31","8,89","12,22","5,00","2,62","114,78","90,00","270,00","45,00","68,78","300,00","550,00","950,00","1.025,00","0,00","0,00","300,00","550,00","800,00","1.025,00","0,00","0,00","300,00","550,00","950,00","1.025,00",nan,nan
norte,Póvoa de Varzim,"136,00","2,00","10,00","54,00","62,00","8,00","0,00","1.265,47","1.200,00","2.530,00","700,00","368,91","11,22","10,98","18,38","6,76","2,72","117,41","111,50","242,00","59,00","38,00","800,00","896,20","1.247,55","1.455,82","1.587,50","0,00","800,00","925,00","1.150,00","1.400,00","1.675,00","0,00","800,00","885,00","1.117,74","1.428,97","1.587,50",nan
norte,Santo Tirso,"20,00","0,00","4,00","8,00","6,00","2,00","0,00","1.285,00","850,00","2.800,00","600,00","764,70","10,66","9,22","17,86","4,72","4,67","141,80","105,50","350,00","42,00","97,07","0,00","725,00","962,50","1.583,33","2.800,00","0,00","0,00","725,00","800,00","1.350,00","2.800,00","0,00",nan,"725,00","962,50","1.583,33","2.800,00",nan
norte,Trofa,"12,00","0,00","2,00","8,00","0,00","2,00","0,00","1.475,00","887,50","4.500,00","725,00","1.415,50","12,77","14,25","15,52","8,57","2,83","111,00","80,00","290,00","51,00","85,71","0,00","725,00","906,25","0,00","4.500,00","0,00","0,00","725,00","887,50","0,00","4.500,00","0,00",nan,"725,00","906,25",nan,"4.500,00",nan
norte,Valongo,"79,00","0,00","20,00","23,00","26,00","10,00","0,00","1.283,42","1.050,00","4.000,00","500,00","766,83","9,89","9,55","15,00","5,84","2,14","140,01","110,00","500,00","60,00","105,34","0,00","904,23","993,91","1.273,08","2.930,00","0,00","0,00","850,00","985,00","1.100,00","2.650,00","0,00",nan,"806,50","993,91","1.273,08","2.930,00",nan
norte,Vila Nova de Gaia,"597,00","37,00","141,00","234,00","141,00","36,00","8,00","1.607,74","1.300,00","7.600,00","575,00","926,01","14,53","13,50","30,00","0,02","5,16","223,95","100,00","60.000,00","25,00","2.452,09","1.158,68","1.161,73","1.447,93","2.218,09","2.605,08","3.943,75","1.090,00","1.050,00","1.300,00","1.890,00","2.500,00","4.450,00","961,19","1.077,75","1.428,26","2.218,09","2.605,08","3.943,75"
norte,Vila do Conde,"108,00","0,00","16,00","32,00","42,00","16,00","2,00","1.596,00","1.200,00","8.000,00","750,00","1.215,57","11,06","10,96","18,52","4,55","2,98","154,39","120,00","674,00","45,00","119,33","0,00","1.053,25","1.189,06","1.644,09","2.713,89","3.000,00","0,00","875,00","1.100,00","1.500,00","1.600,00","3.000,00",nan,"896,88","1.144,62","1.660,48","2.853,12","3.000,00"
norte\Braganca,Bragança,"20,00","1,00","8,00","3,00","5,00","3,00","0,00","675,75","670,00","1.200,00","400,00","195,66","7,69","7,12","12,50","3,78","2,22","96,75","100,00","225,00","36,00","43,92","475,00","541,25","1.168,00","850,00","881,67","0,00","475,00","535,00","690,00","750,00","870,00","0,00","450,00","541,25","613,33","850,00","881,67",nan
norte\Vila Real,Chaves,"19,00","1,00","4,00","7,00","7,00","0,00","0,00","612,11","600,00","1.000,00","300,00","181,22","7,75","6,80","14,00","4,10","2,85","91,11","96,00","190,00","25,00","43,03","350,00","480,00","637,50","725,71","0,00","0,00","350,00","550,00","625,00","650,00","0,00","0,00","350,00","462,50","621,43","725,71",nan,nan
norte\Vila Real,Vila Real,"28,00","9,00","2,00","10,00","5,00","2,00","0,00","804,46","750,00","2.500,00","200,00","423,61","10,51","8,50","20,27","1,30","5,67","100,07","82,00","300,00","25,00","69,24","711,11","575,00","697,50","1.080,00","1.300,00","0,00","750,00","575,00","737,50","850,00","1.300,00","0,00","711,11","575,00","697,50","1.080,00","1.300,00",nan
norte\braga,Amares,"15,00","0,00","1,00","4,00","9,00","0,00","1,00","1.003,33","950,00","1.800,00","550,00","306,75","7,22","6,82","10,91","2,00","2,42","180,47","120,00","900,00","90,00","201,77","0,00","550,00","837,50","1.265,00","0,00","1.000,00","0,00","550,00","850,00","1.200,00","0,00","1.000,00",nan,"550,00","837,50","1.127,78",nan,"1.000,00"
norte\braga,Barcelos,"17,00","1,00","2,00","5,00","7,00","2,00","0,00","1.123,82","980,00","4.000,00","500,00","806,82","8,64","8,93","13,33","4,50","2,60","142,76","112,00","569,00","48,00","119,13","600,00","562,50","1.133,33","932,86","2.550,00","0,00","600,00","562,50","1.125,00","980,00","2.550,00","0,00","600,00","562,50","1.150,00","932,86","2.550,00",nan
norte\braga,Braga,"304,00","13,00","72,00","79,00","100,00","34,00","6,00","1.230,57","1.100,00","4.500,00","430,00","493,14","11,76","10,29","27,50","2,90","5,10","126,73","111,00","690,00","20,00","84,95","1.143,53","1.030,38","1.160,36","1.361,63","1.800,88","1.854,17","925,00","900,00","1.100,00","1.250,00","1.700,00","2.000,00","785,00","954,44","1.116,32","1.346,25","1.800,88","1.854,17"
norte\braga,Esposende,"49,00","0,00","6,00","20,00","19,00","3,00","1,00","1.310,00","1.100,00","3.000,00","500,00","627,22","10,60","9,33","20,00","4,85","3,79","133,76","110,00","309,00","30,00","66,29","0,00","708,33","1.195,45","1.702,00","1.766,67","2.500,00","0,00","700,00","1.100,00","1.500,00","1.500,00","2.500,00",nan,"708,33","1.055,00","1.633,68","1.766,67","2.500,00"
norte\braga,Guimarães,"90,00","13,00","32,00","22,00","18,00","5,00","0,00","958,33","900,00","2.500,00","550,00","278,66","10,72","10,00","20,19","3,57","3,71","106,30","93,50","425,00","35,00","67,38","771,00","830,21","992,73","1.118,89","1.520,00","3.500,00","750,00","850,00","950,00","1.100,00","1.400,00","3.500,00","771,00","832,72","992,73","1.118,89","1.520,00",nan
norte\braga,Vieira do Minho,"9,00","0,00","2,00","4,00","0,00","2,00","1,00","2.747,22","850,00","13.175,00","650,00","4.147,71","15,18","12,50","30,93","8,50","6,96","141,00","100,00","426,00","36,00","132,32","0,00","750,00","837,50","0,00","8.058,33","1.700,00","0,00","750,00","775,00","0,00","6.000,00","1.700,00",nan,"750,00","837,50",nan,"9.087,50","1.700,00"
norte\braga,Vila Nova de Famalicão,"34,00","0,00","5,00","9,00","18,00","2,00","0,00","1.121,76","965,00","2.500,00","650,00","460,96","8,37","8,28","14,62","4,01","2,26","150,06","122,00","500,00","62,00","98,07","700,00","797,14","963,00","1.227,89","2.500,00","0,00","700,00","800,00","940,00","1.200,00","2.500,00","0,00",nan,"796,00","925,56","1.157,22","2.500,00",nan
norte\braga,Vila Verde,"11,00","0,00","1,00","0,00","7,00","3,00","0,00","1.392,73","1.400,00","2.300,00","550,00","497,37","6,71","7,38","9,44","3,17","2,03","231,55","227,00","441,00","70,00","108,87","650,00","550,00","900,00","1.371,43","1.723,33","0,00","650,00","550,00","900,00","1.400,00","1.770,00","0,00",nan,"550,00",nan,"1.371,43","1.723,33",nan
norte\viana do castelo,Arcos de Valdevez,"10,00","0,00","3,00","3,00","3,00","1,00","0,00","1.026,00","850,00","1.600,00","550,00","443,83","12,48","10,54","21,43","6,11","5,21","93,30","80,00","170,00","33,00","49,30","0,00","636,67","950,00","1.533,33","900,00","0,00","0,00","650,00","800,00","1.600,00","900,00","0,00",nan,"636,67","950,00","1.533,33","900,00",nan
norte\viana do castelo,Caminha,"33,00","0,00","5,00","15,00","11,00","1,00","1,00","1.243,09","1.000,00","4.500,00","550,00","786,03","10,18","10,00","18,22","2,33","3,68","136,91","115,00","300,00","42,00","79,96","0,00","709,80","938,00","1.559,36","6.324,50","1.750,00","0,00","700,00","950,00","1.450,00","6.324,50","1.750,00",nan,"709,80","938,00","1.559,36","4.500,00","1.750,00"
norte\viana do castelo,Ponte da Barca,"9,00","0,00","1,00","7,00","1,00","0,00","0,00","784,44","750,00","1.000,00","550,00","168,68","8,56","8,59","11,27","6,49","1,61","95,56","81,00","151,00","64,00","32,98","0,00","600,00","782,50","1.000,00","0,00","0,00","0,00","600,00","775,00","1.000,00","0,00","0,00",nan,"600,00","780,00","1.000,00",nan,nan
norte\viana do castelo,Ponte de Lima,"26,00","0,00","3,00","14,00","7,00","2,00","0,00","951,92","825,00","2.250,00","350,00","410,60","7,55","6,58","15,15","3,33","3,22","144,27","124,00","400,00","54,00","85,65","0,00","758,00","807,86","1.250,00","1.450,00","0,00","0,00","890,00","800,00","1.400,00","1.450,00","0,00",nan,"596,67","807,86","1.250,00","1.450,00",nan
norte\viana do castelo,Viana do Castelo,"97,00","1,00","27,00","23,00","28,00","9,00","9,00","1.527,42","1.000,00","6.690,00","200,00","1.343,97","11,53","11,00","25,18","0,96","4,75","165,90","100,00","2.500,00","36,00","265,79","700,00","865,97","1.027,65","1.508,07","2.423,22","4.993,91","700,00","750,00","1.000,00","1.125,00","2.000,00","5.286,00","700,00","807,48","1.027,65","1.508,07","2.423,22","4.220,78"
setubal,Alcochete,"23,00","0,00","4,00","8,00","9,00","2,00","0,00","1.737,17","1.325,00","6.500,00","900,00","1.170,37","13,14","12,76","21,59","6,89","4,36","144,30","105,00","363,00","45,00","89,06","0,00","1.230,00","1.462,50","1.583,89","4.925,00","0,00","0,00","1.100,00","1.425,00","1.500,00","4.925,00","0,00",nan,"1.037,50","1.462,50","1.583,89","4.925,00",nan
setubal,Alcácer do Sal,"18,00","1,00","3,00","7,00","4,00","2,00","1,00","1.207,22","1.000,00","2.500,00","700,00","574,93","13,71","14,38","22,58","4,85","4,29","97,11","85,50","200,00","31,00","50,66","700,00","1.031,67","940,71","2.808,33","10.187,50","2.000,00","700,00","1.100,00","800,00","2.400,00","9.875,00","2.000,00","700,00","1.031,67","940,71","1.650,00","1.375,00","2.000,00"
setubal,Almada,"351,00","7,00","87,00","140,00","67,00","32,00","18,00","1.832,32","1.300,00","13.000,00","590,00","1.699,89","16,93","16,25","30,68","5,33","4,87","112,88","86,00","780,00","25,00","97,61","924,00","1.158,61","1.383,70","1.806,99","4.517,19","5.062,63","900,00","1.100,00","1.295,00","1.550,00","3.375,00","3.500,00","991,43","1.124,97","1.358,71","1.766,79","4.517,19","4.732,78"
setubal,Barreiro,"58,00","0,00","11,00","32,00","13,00","0,00","2,00","1.169,05","1.075,00","3.500,00","550,00","454,10","14,01","13,87","23,21","8,00","3,38","88,97","75,00","270,00","36,00","43,41","0,00","972,50","1.040,16","1.380,77","0,00","2.850,00","0,00","985,00","1.025,00","1.200,00","0,00","2.850,00",nan,"988,18","1.040,16","1.380,77",nan,"2.850,00"
setubal,Grândola,"34,00","1,00","6,00","13,00","8,00","2,00","4,00","2.318,41","1.612,00","14.600,00","600,00","2.556,44","18,18","17,75","30,09","9,17","4,86","120,41","87,50","521,00","40,00","95,15","1.200,00","942,14","1.539,69","1.940,56","4.500,00","6.750,00","1.200,00","1.000,00","1.559,00","1.700,00","4.500,00","4.950,00","1.200,00","932,50","1.539,69","2.001,88","4.500,00","6.750,00"
setubal,Moita,"21,00","0,00","5,00","10,00","4,00","2,00","0,00","1.130,24","900,00","3.500,00","650,00","618,33","13,97","12,00","25,00","10,00","3,92","85,52","75,00","210,00","32,00","43,74","0,00","930,83","915,00","1.300,00","2.650,00","0,00","0,00","825,00","880,00","1.250,00","2.650,00","0,00",nan,"817,00","915,00","1.300,00","2.650,00",nan
setubal,Montijo,"73,00","0,00","4,00","19,00","37,00","12,00","1,00","1.719,86","1.500,00","5.500,00","800,00","778,26","12,60","12,34","20,00","6,95","3,23","141,78","131,00","374,00","45,00","62,19","800,00","842,50","1.292,11","1.778,95","2.260,83","5.500,00","800,00","847,50","1.200,00","1.700,00","2.100,00","5.500,00",nan,"842,50","1.292,11","1.756,76","2.260,83","5.500,00"
setubal,Palmela,"49,00","3,00","7,00","9,00","14,00","10,00","6,00","2.273,27","1.700,00","7.500,00","550,00","1.732,35","13,35","13,08","21,28","5,76","3,69","185,04","136,00","703,00","30,00","147,49","700,00","1.021,25","1.083,33","2.051,43","3.495,00","4.866,67","700,00","925,00","1.200,00","2.195,00","3.325,00","5.250,00","700,00","952,86","1.083,33","2.051,43","3.495,00","4.866,67"
setubal,Santiago do Cacém,"31,00","0,00","1,00","13,00","9,00","4,00","4,00","2.100,65","1.640,00","11.000,00","780,00","1.807,15","14,98","14,00","31,25","1,95","6,97","163,97","110,00","1.000,00","75,00","169,53","850,00","1.000,00","1.386,92","2.316,67","2.010,00","4.300,00","850,00","1.000,00","1.250,00","2.400,00","2.070,00","2.600,00",nan,"1.000,00","1.386,92","2.316,67","2.010,00","4.300,00"
setubal,Seixal,"99,00","1,00","13,00","29,00","39,00","9,00","8,00","2.114,36","1.600,00","11.250,00","600,00","1.665,45","14,75","13,98","24,10","6,89","4,00","146,07","117,00","533,00","30,00","93,49","600,00","990,77","1.581,03","2.013,62","3.622,11","5.043,50","600,00","850,00","1.300,00","1.725,00","3.200,00","3.550,00","600,00","990,77","1.581,03","1.975,51","3.622,11","5.043,50"
setubal,Sesimbra,"78,00","1,00","16,00","28,00","23,00","4,00","6,00","1.862,24","1.500,00","10.000,00","600,00","1.458,50","16,21","15,03","30,67","6,00","5,79","121,54","98,00","420,00","20,00","72,72","1.522,50","1.337,65","1.446,55","1.916,30","2.450,00","4.691,67","1.625,00","1.200,00","1.250,00","1.790,00","2.350,00","2.200,00","890,00","1.324,38","1.469,64","1.916,30","2.450,00","4.691,67"
setubal,Setúbal,"142,00","2,00","15,00","46,00","48,00","19,00","12,00","1.610,06","1.350,00","8.500,00","600,00","930,93","13,27","13,18","22,73","4,29","3,28","131,85","104,00","812,00","30,00","101,78","800,00","1.191,91","1.257,00","1.584,00","2.253,95","3.149,29","825,00","1.150,00","1.275,00","1.400,00","1.950,00","2.300,00","725,00","987,60","1.280,43","1.553,12","2.253,95","3.007,50"
setubal,Sines,"14,00","0,00","2,00","5,00","7,00","0,00","0,00","1.814,29","1.925,00","2.500,00","650,00","490,07","15,18","14,94","25,00","7,06","5,18","130,21","118,50","262,00","60,00","54,40","0,00","850,00","1.870,00","2.050,00","0,00","0,00","0,00","850,00","1.900,00","2.000,00","0,00","0,00",nan,"850,00","1.870,00","2.050,00",nan,nan
