;location;202001;202002;202003;202004;202005;202006;202007;202008;202009;202010;202011;202012;202101;202102;202103;202104;202105;202106;202107;202108;202109;202110;202111
0;Brasil,+Sao+Paulo;26,0;25,0;26,0;25,0;22,0;24,0;25,0;27,0;32,5;31,0;27,5;27,0;27,0;26,0;26,0;27,0;28,0;27,0;27,0;30,0;38,0;26,0;29,0
1;Portugal,+Abrantes;14,0;18,0;18,0;19,0;28,0;26,0;36,0;31,0;28,5;21,0;18,5;13,0;12,0;16,0;19,0;20,0;25,0;30,0;31,0;33,0;29,0;27,0;19,0
2;Portugal,+Agueda;14,0;17,0;19,0;18,0;25,0;23,5;32,0;27,0;27,0;21,0;19,0;13,0;13,0;14,0;18,0;21,0;22,0;26,0;27,0;30,0;28,0;23,0;18,0
3;Portugal,+Aguiar+da+Beira;11,0;15,0;16,0;16,0;26,0;23,5;35,0;29,0;27,0;19,0;15,0;10,0;10,0;12,0;16,0;19,0;21,0;27,0;30,0;32,0;26,0;22,0;15,0
4;Portugal,+Alandroal;13,0;18,0;17,0;19,0;27,0;26,5;37,0;34,0;29,0;23,0;18,5;14,0;12,0;15,5;17,0;20,5;25,0;30,5;34,0;34,0;29,5;27,0;18,0
5;Portugal,+Albergaria-a-Velha;14,0;17,0;19,0;18,0;25,0;23,5;32,0;27,0;27,0;21,0;19,0;13,0;13,0;14,0;18,0;21,0;22,0;26,0;27,0;30,0;28,0;23,0;18,0
6;Portugal,+Albufeira;15,0;18,0;17,0;18,0;23,0;25,0;28,0;28,0;25,0;21,0;19,0;15,0;14,0;16,0;17,0;19,0;24,0;25,0;28,0;29,0;28,5;25,0;20,0
7;Portugal,+Alcacer+do+Sal;14,0;17,0;17,0;18,0;25,0;23,0;29,0;27,0;24,0;21,0;19,0;15,0;13,0;15,5;17,0;19,0;23,0;25,0;28,0;28,0;27,5;26,0;20,0
8;Portugal,+Alcanena;14,0;18,0;18,0;18,5;27,0;25,0;36,0;29,0;28,0;22,0;18,5;14,0;13,0;16,0;18,0;20,5;23,0;28,0;30,0;32,0;30,0;25,0;20,0
9;Portugal,+Alcobaca;14,0;16,0;16,0;16,0;21,0;20,0;26,0;22,0;24,0;19,0;18,0;13,0;12,0;14,5;16,0;18,5;19,0;21,0;22,0;24,0;24,0;22,0;19,0
10;Portugal,+Alcochete;14,0;18,0;18,0;18,0;24,0;23,0;29,0;26,0;24,5;21,0;19,0;15,0;14,0;16,0;17,0;19,5;23,0;25,0;27,0;28,0;28,0;25,0;20,0
11;Portugal,+Alcoutim;15,0;18,0;18,0;19,0;24,0;25,0;30,0;29,0;26,0;22,0;19,0;16,0;14,0;16,0;18,0;19,0;24,0;26,0;29,0;29,0;29,0;26,0;21,0
12;Portugal,+Alenquer;14,0;18,0;17,0;18,0;24,0;23,0;32,0;27,0;25,5;20,0;18,0;14,0;13,0;16,0;17,0;20,0;22,0;26,0;27,0;29,0;28,5;25,0;20,0
13;Portugal,+Alentejo+Central;11,0;14,0;16,0;17,0;26,0;24,0;35,0;30,0;27,0;17,0;15,0;9,0;10,0;12,0;16,0;19,0;21,0;26,5;29,0;31,0;25,0;21,0;14,0
14;Portugal,+Alentejo+Litoral;11,0;14,0;16,0;17,0;26,0;24,0;35,0;30,0;27,0;17,0;15,0;9,0;10,0;12,0;16,0;19,0;21,0;26,5;29,0;31,0;25,0;21,0;14,0
15;Portugal,+Alfandega+da+Fe;9,0;14,0;15,0;16,5;26,0;24,0;34,0;30,0;25,5;17,0;14,5;8,0;8,0;11,5;15,0;17,0;21,0;25,5;30,0;32,0;24,0;21,0;14,0
16;Portugal,+Algarve;15,0;17,0;17,0;18,0;21,0;22,5;26,0;26,0;24,0;21,0;19,0;16,0;13,0;16,0;16,0;18,0;21,0;22,5;25,0;25,0;25,5;24,0;21,0
17;Portugal,+Alijo;10,0;14,0;16,0;17,0;26,0;24,0;34,0;29,0;27,0;17,0;15,0;10,0;9,0;12,0;16,0;17,0;20,0;26,0;29,0;31,0;25,0;20,0;14,0
18;Portugal,+Aljezur;13,0;17,0;16,0;17,0;24,0;23,0;30,0;28,0;24,5;20,0;17,5;13,0;12,0;14,5;16,0;18,0;22,0;24,5;28,0;29,0;28,0;25,0;19,0
19;Portugal,+Aljustrel;14,0;17,0;17,0;17,0;25,0;23,0;34,0;27,0;26,5;20,0;18,0;13,0;12,0;15,0;18,0;20,0;22,0;26,0;28,0;30,0;29,0;24,0;18,0
20;Portugal,+Almada;16,0;18,0;17,0;18,0;24,0;23,0;28,0;26,0;24,0;21,0;19,0;15,0;14,0;16,0;17,0;19,0;22,0;24,0;26,0;27,0;27,0;25,0;19,0
21;Portugal,+Almeida;8,0;13,0;14,0;14,0;23,0;21,5;33,0;29,0;24,5;16,0;13,0;8,0;7,0;10,0;14,0;15,5;19,0;25,0;28,0;31,0;24,0;21,0;13,0
22;Portugal,+Almeirim;14,0;18,0;18,0;18,5;26,0;24,0;35,0;29,0;27,5;22,0;19,0;14,0;13,0;17,0;18,0;20,5;23,0;28,0;29,0;31,0;29,0;26,0;20,0
23;Portugal,+Almodovar;14,0;18,0;16,0;18,0;23,0;25,0;29,0;29,0;25,0;21,0;18,0;14,0;13,0;15,5;17,0;19,0;24,0;26,0;29,0;30,0;29,0;25,0;21,0
24;Portugal,+Alpiarca;14,0;18,0;18,0;18,5;26,0;24,0;35,0;29,0;27,5;22,0;19,0;14,0;13,0;17,0;18,0;20,5;23,0;28,0;29,0;31,0;29,0;26,0;20,0
25;Portugal,+Alter+do+Chao;11,0;15,0;15,0;16,0;26,0;25,5;36,0;32,0;27,0;20,0;16,0;11,0;10,0;12,5;15,0;17,5;23,0;28,5;32,0;33,0;27,0;25,0;16,0
26;Portugal,+Alto+Alentejo;11,0;14,0;16,0;17,0;26,0;24,0;35,0;30,0;27,0;17,0;15,0;9,0;10,0;12,0;16,0;19,0;21,0;26,5;29,0;31,0;25,0;21,0;14,0
27;Portugal,+Alto+Tamega;11,0;14,0;16,0;17,0;26,0;24,0;35,0;30,0;27,0;17,0;15,0;9,0;10,0;12,0;16,0;19,0;21,0;26,5;29,0;31,0;25,0;21,0;14,0
28;Portugal,+Alvaiazere;14,0;18,0;18,0;18,0;25,0;23,0;31,0;26,0;26,0;21,0;19,0;13,0;13,0;16,0;18,0;20,0;22,0;25,5;26,0;28,0;27,5;24,0;18,0
29;Portugal,+Alvito;14,0;18,0;18,0;18,0;25,0;23,0;31,0;26,0;26,0;21,0;19,0;13,0;13,0;16,0;18,0;20,0;22,0;25,5;26,0;28,0;27,5;24,0;18,0
30;Portugal,+Amadora;15,0;18,0;17,0;18,0;25,0;23,0;30,0;26,0;24,0;21,0;19,0;15,0;14,0;16,0;17,0;19,0;22,0;23,5;26,0;27,0;28,0;25,0;20,0
31;Portugal,+Amarante;13,0;16,0;18,0;18,0;27,0;24,5;36,0;30,0;28,5;19,0;18,0;11,0;12,0;13,0;19,0;19,5;21,0;27,5;30,0;32,0;28,0;23,0;17,0
32;Portugal,+Amares;13,0;15,0;16,0;17,0;26,0;24,0;33,0;29,0;26,0;17,0;15,0;10,0;10,0;13,0;17,0;19,0;20,0;26,0;29,0;31,0;27,0;22,0;16,0
33;Portugal,+Anadia;14,0;17,0;19,0;18,0;25,0;23,5;32,0;27,0;27,0;21,0;19,0;13,0;13,0;14,0;18,0;21,0;22,0;26,0;27,0;30,0;28,0;23,0;18,0
34;Portugal,+Angra+do+Heroismo;16,0;16,0;15,0;16,0;17,0;18,0;21,0;23,0;21,0;20,0;16,0;15,0;16,0;14,0;15,0;16,0;18,0;20,0;22,0;23,0;22,0;21,0;20,0
35;Portugal,+Arcos+de+Valdevez;13,0;16,0;18,0;17,0;25,0;23,0;33,0;27,0;26,5;18,0;17,0;12,0;12,0;13,0;17,0;19,0;20,0;25,0;28,0;31,0;27,0;22,0;18,0
36;Portugal,+Area+Metropolitana+de+Lisboa;15,0;17,0;17,0;18,0;24,0;22,5;29,0;25,0;24,0;20,0;19,0;15,0;14,0;16,0;17,0;19,0;22,0;24,0;25,0;27,0;27,0;25,0;20,0
37;Portugal,+Area+Metropolitana+do+Porto;13,0;16,0;16,0;17,0;22,0;20,0;27,0;23,0;23,0;18,0;18,0;13,0;13,0;14,0;17,0;18,0;18,0;20,5;22,0;23,0;23,0;22,0;17,0
38;Portugal,+Arganil;14,0;18,0;18,0;19,0;28,0;26,0;36,0;31,0;28,5;21,0;18,5;13,0;12,0;16,0;19,0;20,0;25,0;30,0;31,0;33,0;29,0;27,0;19,0
39;Portugal,+Armamar;10,0;14,0;16,0;17,0;26,0;24,0;34,0;29,0;27,0;17,0;15,0;10,0;9,0;12,0;16,0;17,0;20,0;26,0;29,0;31,0;25,0;20,0;14,0
40;Portugal,+Arouca;15,0;18,0;17,0;18,0;23,0;24,0;28,0;28,0;25,0;22,0;19,0;15,0;14,0;16,0;17,0;19,0;23,0;25,0;28,0;28,0;28,0;25,0;21,0
41;Portugal,+Arraiolos;14,0;18,0;18,0;19,0;27,0;26,0;37,0;33,0;29,0;23,0;20,0;14,0;13,0;16,0;18,0;21,0;25,0;30,0;33,0;34,0;30,0;28,0;19,0
42;Portugal,+Arronches;11,0;15,0;15,0;16,0;26,0;25,5;36,0;32,0;27,0;20,0;16,0;11,0;10,0;12,5;15,0;17,5;23,0;28,5;32,0;33,0;27,0;25,0;16,0
43;Portugal,+Arruda+dos+Vinhos;14,0;18,0;17,0;18,0;24,0;23,0;32,0;27,0;25,5;20,0;18,0;14,0;13,0;16,0;17,0;20,0;22,0;26,0;27,0;29,0;28,5;25,0;20,0
44;Portugal,+Aveiro;14,0;16,0;17,0;17,0;21,0;20,5;26,0;23,0;24,5;19,0;19,0;13,0;13,0;14,5;17,0;19,0;19,0;21,5;22,0;24,0;24,5;22,0;17,0
45;Portugal,+Avis;30,0;27,0;25,0;25,0;23,0;20,0;20,0;23,0;27,0;31,0;30,5;31,0;26,0;27,0;25,0;25,0;22,0;20,0;19,0;25,0;31,0;31,0;33,0
46;Portugal,+Azambuja;14,0;18,0;17,0;18,0;24,0;23,0;32,0;27,0;25,5;20,0;18,0;14,0;13,0;16,0;17,0;20,0;22,0;26,0;27,0;29,0;28,5;25,0;20,0
47;Portugal,+Baiao;13,0;17,0;16,0;17,0;24,0;23,0;30,0;28,0;24,5;20,0;17,5;13,0;12,0;14,5;16,0;18,0;22,0;24,5;28,0;29,0;28,0;25,0;19,0
48;Portugal,+Baixo+Alentejo;11,0;14,0;16,0;17,0;26,0;24,0;35,0;30,0;27,0;17,0;15,0;9,0;10,0;12,0;16,0;19,0;21,0;26,5;29,0;31,0;25,0;21,0;14,0
49;Portugal,+Barcelos;13,0;15,0;17,0;17,0;23,0;22,0;30,0;25,0;24,5;18,0;17,0;12,0;13,0;13,5;17,0;19,0;19,0;22,5;25,0;27,0;25,0;22,0;18,0
50;Portugal,+Barrancos;14,0;18,0;17,0;19,0;28,0;28,0;39,0;35,0;30,0;23,0;19,0;13,0;12,0;16,0;18,0;21,0;27,0;31,5;35,0;35,0;30,5;29,0;18,0
51;Portugal,+Barreiro;13,0;16,0;18,0;17,0;23,0;21,5;28,0;24,0;24,5;19,0;18,0;13,0;13,0;14,5;17,0;19,0;19,0;22,5;23,0;25,0;24,0;23,0;17,0
52;Portugal,+Batalha;14,0;17,0;17,0;17,0;22,0;21,0;28,0;24,0;24,5;20,0;18,0;13,0;12,0;15,0;16,0;19,0;20,0;22,5;24,0;26,0;26,0;23,0;19,0
53;Portugal,+Beira+Baixa;26,0;27,0;28,0;27,5;30,0;31,0;33,0;32,0;29,0;26,0;25,0;25,0;26,0;27,0;27,0;27,0;30,0;32,5;34,0;32,0;31,0;30,0;30,0
54;Portugal,+Beiras+e+Serra+da+Estrela;14,0;17,0;18,0;18,0;26,0;24,0;33,0;27,0;27,5;21,0;18,5;13,0;12,0;14,5;18,0;21,0;22,0;26,5;28,0;31,0;28,0;25,0;19,0
55;Portugal,+Beja;14,0;19,0;18,0;20,0;28,0;27,0;39,0;35,0;30,5;23,0;19,5;14,0;13,0;16,5;18,0;21,0;27,0;31,0;34,0;35,0;30,0;28,0;19,0
56;Portugal,+Belmonte;15,0;17,0;17,0;18,0;22,0;23,0;27,0;26,0;24,0;21,0;19,0;16,0;14,0;16,0;17,0;18,0;22,0;23,0;26,0;26,0;26,0;25,0;21,0
57;Portugal,+Benavente;14,0;18,0;17,0;18,0;24,0;23,0;32,0;27,0;25,5;20,0;18,0;14,0;13,0;16,0;17,0;20,0;22,0;26,0;27,0;29,0;28,5;25,0;20,0
58;Portugal,+Bombarral;14,0;16,0;16,0;17,0;21,0;20,5;24,0;23,0;23,5;19,0;19,0;14,0;13,0;15,0;16,0;18,0;19,0;20,5;22,0;23,0;25,0;22,0;19,0
59;Portugal,+Borba;11,0;15,0;17,0;16,5;25,0;22,5;34,0;28,0;26,0;18,0;15,5;10,0;11,0;12,0;16,0;18,0;19,0;25,0;29,0;31,0;25,5;21,0;16,0
60;Portugal,+Boticas;11,0;15,0;15,0;18,0;25,0;24,0;35,0;31,0;28,0;18,0;15,5;10,0;9,0;12,0;17,0;18,0;21,0;26,5;30,0;34,0;26,0;21,0;15,0
61;Portugal,+Braga;13,0;15,0;17,0;17,0;25,0;23,5;33,0;28,0;25,5;19,0;16,5;11,0;12,0;13,0;18,0;19,0;20,0;25,5;29,0;30,0;27,0;23,0;17,0
62;Portugal,+Braganca;9,0;14,0;14,0;16,5;25,0;23,5;33,0;30,0;25,5;16,0;14,0;8,0;8,0;10,5;15,0;16,0;20,0;25,0;30,0;32,0;24,0;20,0;13,0
63;Portugal,+Cabeceiras+de+Basto;11,0;15,0;17,0;16,5;25,0;22,5;34,0;28,0;26,0;18,0;15,5;10,0;11,0;12,0;16,0;18,0;19,0;25,0;29,0;31,0;25,5;21,0;16,0
64;Portugal,+Cadaval;14,0;16,0;16,0;17,0;21,0;20,5;24,0;23,0;23,5;19,0;19,0;14,0;13,0;15,0;16,0;18,0;19,0;20,5;22,0;23,0;25,0;22,0;19,0
65;Portugal,+Caldas+da+Rainha;14,0;16,0;16,0;17,0;21,0;20,5;24,0;23,0;23,5;19,0;19,0;14,0;13,0;15,0;16,0;18,0;19,0;20,5;22,0;23,0;25,0;22,0;19,0
66;Portugal,+Calheta+[R.A.A.];13,0;15,0;13,0;14,0;17,0;18,5;21,0;22,0;20,5;18,0;15,5;13,0;13,0;14,5;13,0;15,0;17,0;19,0;25,0;23,0;22,0;21,0;17,0
67;Portugal,+Calheta+[R.A.M.];13,0;15,0;13,0;14,0;17,0;18,5;21,0;22,0;20,5;18,0;15,5;13,0;13,0;14,5;13,0;15,0;17,0;19,0;25,0;23,0;22,0;21,0;17,0
68;Portugal,+Camara+de+Lobos;13,0;15,0;13,0;14,0;17,0;18,5;21,0;22,0;20,5;18,0;15,5;13,0;13,0;14,5;13,0;15,0;17,0;19,0;25,0;23,0;22,0;21,0;17,0
69;Portugal,+Caminha;13,0;15,0;16,0;16,0;21,0;20,0;26,0;23,0;22,0;17,0;17,0;13,0;12,0;13,0;16,0;17,5;17,0;20,0;22,0;23,0;23,0;21,0;17,0
70;Portugal,+Campo+Maior;13,0;18,0;17,0;19,5;28,0;28,0;38,0;35,0;30,0;22,0;19,0;13,0;12,0;16,0;18,0;20,0;27,0;32,0;35,0;36,0;30,0;27,0;19,0
71;Portugal,+Cantanhede;14,0;17,0;17,0;17,5;23,0;22,0;29,0;26,0;26,0;21,0;19,0;13,0;13,0;15,0;17,0;20,0;21,0;24,0;25,0;27,0;27,0;23,0;18,0
72;Portugal,+Carrazeda+de+Ansiaes;10,0;14,0;16,0;17,0;26,0;24,0;34,0;29,0;27,0;17,0;15,0;10,0;9,0;12,0;16,0;17,0;20,0;26,0;29,0;31,0;25,0;20,0;14,0
73;Portugal,+Carregal+do+Sal;11,0;15,0;16,0;16,0;26,0;23,5;35,0;29,0;27,0;19,0;15,0;10,0;10,0;12,0;16,0;19,0;21,0;27,0;30,0;32,0;26,0;22,0;15,0
74;Portugal,+Cartaxo;14,0;18,0;18,0;18,5;26,0;24,0;35,0;29,0;27,5;22,0;19,0;14,0;13,0;17,0;18,0;20,5;23,0;28,0;29,0;31,0;29,0;26,0;20,0
75;Portugal,+Cascais;15,0;16,0;16,0;17,0;20,0;20,0;23,0;22,0;22,0;19,0;18,5;15,0;14,0;15,0;16,0;17,0;18,0;19,0;21,0;22,0;24,0;22,0;19,0
76;Portugal,+Castanheira+de+Pera;14,0;17,0;18,0;18,0;26,0;24,0;33,0;27,0;27,5;21,0;18,5;13,0;12,0;14,5;18,0;21,0;22,0;26,5;28,0;31,0;28,0;25,0;19,0
77;Portugal,+Castelo+Branco;12,0;17,0;17,0;18,0;28,0;27,0;38,0;34,0;28,0;20,0;16,5;12,0;11,0;13,5;18,0;19,0;25,0;30,5;34,0;35,0;29,0;25,0;18,0
78;Portugal,+Castelo+de+Paiva;11,0;14,0;16,0;17,0;26,0;24,0;35,0;30,0;27,0;17,0;15,0;9,0;10,0;12,0;16,0;19,0;21,0;26,5;29,0;31,0;25,0;21,0;14,0
79;Portugal,+Castelo+de+Vide;11,0;15,0;15,0;16,0;26,0;25,5;36,0;32,0;27,0;20,0;16,0;11,0;10,0;12,5;15,0;17,5;23,0;28,5;32,0;33,0;27,0;25,0;16,0
80;Portugal,+Castro+Daire;11,0;15,0;16,0;16,0;26,0;23,5;35,0;29,0;27,0;19,0;15,0;10,0;10,0;12,0;16,0;19,0;21,0;27,0;30,0;32,0;26,0;22,0;15,0
81;Portugal,+Castro+Marim;15,0;18,0;18,0;19,0;24,0;25,0;30,0;29,0;26,0;22,0;19,0;16,0;14,0;16,0;18,0;19,0;24,0;26,0;29,0;29,0;29,0;26,0;21,0
82;Portugal,+Castro+Verde;14,0;19,0;18,0;20,0;28,0;27,0;39,0;35,0;30,5;23,0;19,5;14,0;13,0;16,5;18,0;21,0;27,0;31,0;34,0;35,0;30,0;28,0;19,0
83;Portugal,+Celorico+da+Beira;8,0;13,0;14,0;14,0;23,0;21,5;33,0;29,0;24,5;16,0;13,0;8,0;7,0;10,0;14,0;15,5;19,0;25,0;28,0;31,0;24,0;21,0;13,0
84;Portugal,+Celorico+de+Basto;13,0;16,0;18,0;18,0;27,0;24,5;36,0;30,0;28,5;19,0;18,0;11,0;12,0;13,0;19,0;19,5;21,0;27,5;30,0;32,0;28,0;23,0;17,0
85;Portugal,+Chamusca;11,0;15,0;16,0;16,0;25,0;25,0;35,0;30,0;26,5;19,0;16,0;10,0;10,0;11,0;16,0;17,5;21,0;26,5;31,0;33,0;27,0;23,0;15,0
86;Portugal,+Chaves;11,0;15,0;15,0;18,0;25,0;24,0;35,0;31,0;28,0;18,0;15,5;10,0;9,0;12,0;17,0;18,0;21,0;26,5;30,0;34,0;26,0;21,0;15,0
87;Portugal,+Cinfaes;11,0;14,0;16,0;17,0;26,0;24,0;35,0;30,0;27,0;17,0;15,0;9,0;10,0;12,0;16,0;19,0;21,0;26,5;29,0;31,0;25,0;21,0;14,0
88;Portugal,+Coimbra;14,0;17,0;18,0;18,0;26,0;24,0;33,0;27,0;27,5;21,0;18,5;13,0;12,0;14,5;18,0;21,0;22,0;26,5;28,0;31,0;28,0;25,0;19,0
89;Portugal,+Condeixa-a-Nova;14,0;17,0;18,0;18,0;26,0;24,0;33,0;27,0;27,5;21,0;18,5;13,0;12,0;14,5;18,0;21,0;22,0;26,5;28,0;31,0;28,0;25,0;19,0
90;Portugal,+Constancia;14,0;18,0;18,0;19,0;28,0;26,0;36,0;31,0;28,5;21,0;18,5;13,0;12,0;16,0;19,0;20,0;25,0;30,0;31,0;33,0;29,0;27,0;19,0
91;Portugal,+Coruche;14,0;18,0;18,0;18,5;26,0;24,0;35,0;29,0;27,5;22,0;19,0;14,0;13,0;17,0;18,0;20,5;23,0;28,0;29,0;31,0;29,0;26,0;20,0
92;Portugal,+Corvo;16,0;16,0;15,0;16,0;17,0;18,0;21,0;23,0;21,0;20,0;17,0;16,0;17,0;15,0;16,0;16,0;17,0;20,0;21,0;23,0;21,0;21,0;21,0
93;Portugal,+Covilha;10,0;16,0;15,0;16,0;25,0;24,5;35,0;31,0;26,0;18,0;15,0;10,0;10,0;12,0;16,0;17,0;22,0;28,0;31,0;33,0;26,0;23,0;16,0
94;Portugal,+Crato;11,0;15,0;15,0;16,0;26,0;25,5;36,0;32,0;27,0;20,0;16,0;11,0;10,0;12,5;15,0;17,5;23,0;28,5;32,0;33,0;27,0;25,0;16,0
95;Portugal,+Cuba;14,0;19,0;18,0;20,0;28,0;27,0;39,0;35,0;30,5;23,0;19,5;14,0;13,0;16,5;18,0;21,0;27,0;31,0;34,0;35,0;30,0;28,0;19,0
96;Portugal,+Douro;14,0;18,0;18,0;18,0;25,0;23,0;31,0;26,0;26,0;21,0;19,0;13,0;13,0;16,0;18,0;20,0;22,0;25,5;26,0;28,0;27,5;24,0;18,0
97;Portugal,+Elvas;13,0;18,0;17,0;19,5;28,0;28,0;38,0;35,0;30,0;22,0;19,0;13,0;12,0;16,0;18,0;20,0;27,0;32,0;35,0;36,0;30,0;27,0;19,0
98;Portugal,+Entroncamento;14,0;18,0;18,0;18,5;27,0;25,0;36,0;29,0;28,0;22,0;18,5;14,0;13,0;16,0;18,0;20,5;23,0;28,0;30,0;32,0;30,0;25,0;20,0
99;Portugal,+Espinho;13,0;16,0;18,0;17,0;23,0;21,5;28,0;24,0;24,5;19,0;18,0;13,0;13,0;14,5;17,0;19,0;19,0;22,5;23,0;25,0;24,0;23,0;17,0
100;Portugal,+Esposende;13,0;15,0;17,0;17,0;23,0;22,0;30,0;25,0;24,5;18,0;17,0;12,0;13,0;13,5;17,0;19,0;19,0;22,5;25,0;27,0;25,0;22,0;18,0
101;Portugal,+Estarreja;14,0;16,0;18,0;18,0;25,0;22,5;31,0;26,0;25,5;19,0;18,5;13,0;13,0;14,0;18,0;20,0;20,0;25,0;25,0;28,0;26,0;23,0;18,0
102;Portugal,+Estremoz;13,0;18,0;17,0;19,0;27,0;26,5;37,0;34,0;29,0;23,0;18,5;14,0;12,0;15,5;17,0;20,5;25,0;30,5;34,0;34,0;29,5;27,0;18,0
103;Portugal,+Evora;13,0;18,0;17,0;19,0;27,0;26,5;37,0;34,0;29,0;23,0;18,5;14,0;12,0;15,5;17,0;20,5;25,0;30,5;34,0;34,0;29,5;27,0;18,0
104;Portugal,+Fafe;11,0;15,0;17,0;16,5;25,0;22,5;34,0;28,0;26,0;18,0;15,5;10,0;11,0;12,0;16,0;18,0;19,0;25,0;29,0;31,0;25,5;21,0;16,0
105;Portugal,+Faro;15,0;17,0;17,0;18,0;21,0;22,5;26,0;26,0;24,0;21,0;19,0;16,0;13,0;16,0;16,0;18,0;21,0;22,5;25,0;25,0;25,5;24,0;21,0
106;Portugal,+Felgueiras;11,0;15,0;17,0;16,5;25,0;22,5;34,0;28,0;26,0;18,0;15,5;10,0;11,0;12,0;16,0;18,0;19,0;25,0;29,0;31,0;25,5;21,0;16,0
107;Portugal,+Ferreira+do+Alentejo;14,0;19,0;18,0;20,0;28,0;27,0;39,0;35,0;30,5;23,0;19,5;14,0;13,0;16,5;18,0;21,0;27,0;31,0;34,0;35,0;30,0;28,0;19,0
108;Portugal,+Ferreira+do+Zezere;14,0;18,0;18,0;18,0;26,0;24,0;35,0;29,0;28,0;21,0;18,5;13,0;13,0;15,0;18,0;20,5;23,0;28,0;29,0;32,0;29,0;25,0;18,0
109;Portugal,+Figueira+da+Foz;14,0;16,0;16,0;17,0;20,0;20,0;24,0;22,0;22,5;18,0;18,0;14,0;13,0;15,0;16,0;18,0;18,0;19,5;21,0;23,0;24,0;21,0;19,0
110;Portugal,+Figueira+de+Castelo+Rodrigo;8,0;13,0;14,0;14,0;23,0;21,5;33,0;29,0;24,5;16,0;13,0;8,0;7,0;10,0;14,0;15,5;19,0;25,0;28,0;31,0;24,0;21,0;13,0
111;Portugal,+Figueiro+dos+Vinhos;14,0;18,0;18,0;18,0;25,0;23,0;31,0;26,0;26,0;21,0;19,0;13,0;13,0;16,0;18,0;20,0;22,0;25,5;26,0;28,0;27,5;24,0;18,0
112;Portugal,+Fornos+de+Algodres;11,0;15,0;16,0;16,0;25,0;25,0;35,0;30,0;26,5;19,0;16,0;10,0;10,0;11,0;16,0;17,5;21,0;26,5;31,0;33,0;27,0;23,0;15,0
113;Portugal,+Freixo+de+Espada+a+Cinta;9,0;14,0;15,0;16,5;26,0;24,0;34,0;30,0;25,5;17,0;14,5;8,0;8,0;11,5;15,0;17,0;21,0;25,5;30,0;32,0;24,0;21,0;14,0
114;Portugal,+Fronteira;14,0;18,0;16,0;18,0;23,0;24,5;29,0;29,0;25,0;21,0;18,0;14,0;13,0;15,0;17,0;18,0;24,0;26,0;29,0;29,0;28,0;26,0;20,0
115;Portugal,+Funchal;15,0;17,0;16,0;17,0;21,0;20,0;25,0;24,0;23,5;20,0;18,0;15,0;14,0;15,0;16,0;18,0;20,0;21,0;23,0;25,0;26,0;24,0;19,0
116;Portugal,+Fundao;10,0;16,0;15,0;16,0;25,0;24,5;35,0;31,0;26,0;18,0;15,0;10,0;10,0;12,0;16,0;17,0;22,0;28,0;31,0;33,0;26,0;23,0;16,0
117;Portugal,+Gaviao;15,0;18,0;17,0;19,0;24,0;25,0;30,0;29,0;25,0;21,0;19,0;15,0;14,0;16,0;18,0;19,0;24,0;26,0;29,0;30,0;29,0;26,0;21,0
118;Portugal,+Gois;14,0;17,0;18,0;18,0;26,0;24,0;33,0;27,0;27,5;21,0;18,5;13,0;12,0;14,5;18,0;21,0;22,0;26,5;28,0;31,0;28,0;25,0;19,0
119;Portugal,+Golega;14,0;18,0;18,0;18,5;27,0;25,0;36,0;29,0;28,0;22,0;18,5;14,0;13,0;16,0;18,0;20,5;23,0;28,0;30,0;32,0;30,0;25,0;20,0
120;Portugal,+Gondomar;14,0;17,0;18,0;18,0;25,0;23,0;30,0;25,0;25,0;19,0;18,5;14,0;13,0;14,5;18,0;19,0;20,0;23,5;24,0;26,0;25,0;23,0;18,0
121;Portugal,+Gouveia;11,0;15,0;16,0;16,0;25,0;25,0;35,0;30,0;26,5;19,0;16,0;10,0;10,0;11,0;16,0;17,5;21,0;26,5;31,0;33,0;27,0;23,0;15,0
122;Portugal,+Grandola;14,0;17,0;16,0;17,0;21,0;21,0;24,0;23,0;23,0;20,0;19,0;15,0;13,0;15,5;16,0;18,0;19,0;20,0;22,0;23,0;25,0;23,0;20,0
123;Portugal,+Guarda;8,0;13,0;14,0;14,0;23,0;21,5;33,0;29,0;24,5;16,0;13,0;8,0;7,0;10,0;14,0;15,5;19,0;25,0;28,0;31,0;24,0;21,0;13,0
124;Portugal,+Guimaraes;13,0;16,0;18,0;17,5;26,0;24,0;34,0;29,0;26,5;19,0;17,5;11,0;12,0;13,0;18,0;19,5;20,0;26,0;29,0;31,0;27,5;22,0;17,0
125;Portugal,+Horta;17,0;16,0;16,0;16,0;17,0;18,0;21,0;23,0;21,0;21,0;16,0;16,0;17,0;15,0;16,0;16,0;17,0;20,0;22,0;23,0;22,0;22,0;21,0
126;Portugal,+Idanha-a-Nova;12,0;17,0;17,0;18,0;28,0;27,0;38,0;34,0;28,0;20,0;16,5;12,0;11,0;13,5;18,0;19,0;25,0;30,5;34,0;35,0;29,0;25,0;18,0
127;Portugal,+Ilha+Graciosa;14,0;16,0;18,0;18,0;25,0;22,5;31,0;26,0;25,5;19,0;18,5;13,0;13,0;14,0;18,0;20,0;20,0;25,0;25,0;28,0;26,0;23,0;18,0
128;Portugal,+Ilha+Terceira;14,0;18,0;18,0;18,0;25,0;23,0;31,0;26,0;26,0;21,0;19,0;13,0;13,0;16,0;18,0;20,0;22,0;25,5;26,0;28,0;27,5;24,0;18,0
129;Portugal,+Ilha+da+Madeira;15,0;17,0;17,0;18,0;22,0;23,0;27,0;26,0;24,0;21,0;19,0;16,0;14,0;16,0;17,0;18,0;22,0;23,0;26,0;26,0;26,0;25,0;21,0
130;Portugal,+Ilha+das+Flores;33,0;33,0;33,0;31,0;29,0;27,5;27,0;27,0;28,0;31,0;31,0;32,0;31,0;33,0;32,0;31,0;28,0;27,0;27,0;27,0;30,0;33,0;35,0
131;Portugal,+Ilha+de+Porto+Santo;18,0;18,0;17,0;18,0;19,0;21,0;21,0;23,0;23,0;21,0;20,0;18,0;17,0;17,5;16,0;18,0;19,0;20,0;21,0;22,0;23,0;22,0;20,0
132;Portugal,+Ilha+de+Santa+Maria;14,0;18,0;18,0;18,0;25,0;23,0;31,0;26,0;26,0;21,0;19,0;13,0;13,0;16,0;18,0;20,0;22,0;25,5;26,0;28,0;27,5;24,0;18,0
133;Portugal,+Ilha+de+Sao+Jorge;13,0;16,0;18,0;17,0;23,0;21,5;28,0;24,0;24,5;19,0;18,0;13,0;13,0;14,5;17,0;19,0;19,0;22,5;23,0;25,0;24,0;23,0;17,0
134;Portugal,+Ilha+de+Sao+Miguel;13,0;18,0;17,0;19,0;27,0;26,5;37,0;34,0;29,0;23,0;18,5;14,0;12,0;15,5;17,0;20,5;25,0;30,5;34,0;34,0;29,5;27,0;18,0
135;Portugal,+Ilha+do+Corvo;14,0;18,0;16,0;18,0;23,0;25,0;29,0;29,0;25,0;21,0;18,0;14,0;13,0;15,5;17,0;19,0;24,0;26,0;29,0;30,0;29,0;25,0;21,0
136;Portugal,+Ilha+do+Faial;13,0;15,0;13,0;14,0;17,0;18,5;21,0;22,0;20,5;18,0;15,5;13,0;13,0;14,5;13,0;15,0;17,0;19,0;25,0;23,0;22,0;21,0;17,0
137;Portugal,+Ilha+do+Pico;15,0;17,0;17,0;18,0;22,0;23,0;27,0;26,0;24,0;21,0;19,0;16,0;14,0;16,0;17,0;18,0;22,0;23,0;26,0;26,0;26,0;25,0;21,0
138;Portugal,+Ilhavo;14,0;16,0;17,0;17,0;21,0;20,5;26,0;23,0;24,5;19,0;19,0;13,0;13,0;14,5;17,0;19,0;19,0;21,5;22,0;24,0;24,5;22,0;17,0
139;Portugal,+Lagoa;15,0;18,0;17,0;18,0;23,0;24,0;28,0;28,0;24,5;21,0;19,0;15,0;14,0;16,0;17,0;19,0;23,0;25,0;28,0;29,0;28,0;25,0;21,0
140;Portugal,+Lagoa+[R.A.A.];15,0;18,0;17,0;18,0;23,0;24,0;28,0;28,0;24,5;21,0;19,0;15,0;14,0;16,0;17,0;19,0;23,0;25,0;28,0;29,0;28,0;25,0;21,0
141;Portugal,+Lagos;15,0;18,0;17,0;18,0;22,0;22,0;27,0;25,0;24,0;20,0;19,0;16,0;14,0;16,0;17,0;18,5;21,0;22,0;25,0;26,0;26,0;24,0;21,0
142;Portugal,+Lajes+das+Flores;16,0;16,0;15,0;16,0;17,0;18,0;21,0;23,0;21,0;20,0;17,0;16,0;17,0;15,0;16,0;16,0;17,0;20,0;21,0;23,0;21,0;21,0;21,0
143;Portugal,+Lajes+do+Pico;16,0;15,0;15,0;16,0;17,0;18,0;21,0;23,0;20,5;20,0;16,0;15,0;16,0;14,0;15,0;15,5;17,0;19,5;21,0;23,0;21,5;21,0;20,0
144;Portugal,+Lamego;10,0;14,0;16,0;17,0;26,0;24,0;34,0;29,0;27,0;17,0;15,0;10,0;9,0;12,0;16,0;17,0;20,0;26,0;29,0;31,0;25,0;20,0;14,0
145;Portugal,+Leiria;14,0;17,0;17,0;17,0;22,0;21,0;28,0;24,0;24,5;20,0;18,0;13,0;12,0;15,0;16,0;19,0;20,0;22,5;24,0;26,0;26,0;23,0;19,0
146;Portugal,+Leziria+do+Tejo;14,0;18,0;18,0;19,0;28,0;26,0;36,0;31,0;28,5;21,0;18,5;13,0;12,0;16,0;19,0;20,0;25,0;30,0;31,0;33,0;29,0;27,0;19,0
147;Portugal,+Lisboa;15,0;18,0;17,0;18,0;24,0;23,0;28,0;26,0;24,0;21,0;19,0;15,0;14,0;16,0;17,0;19,0;22,0;24,0;26,0;27,0;27,0;25,0;20,0
148;Portugal,+Loule;14,0;18,0;16,0;18,0;23,0;25,0;29,0;29,0;25,0;21,0;18,0;14,0;13,0;15,5;17,0;19,0;24,0;26,0;29,0;30,0;29,0;25,0;21,0
149;Portugal,+Loures;15,0;17,0;17,0;18,0;24,0;22,5;29,0;25,0;24,0;20,0;19,0;15,0;14,0;16,0;17,0;19,0;22,0;24,0;25,0;27,0;27,0;25,0;20,0
150;Portugal,+Lourinha;15,0;17,0;17,0;17,0;22,0;22,0;27,0;25,0;24,5;20,0;19,0;15,0;13,0;15,0;16,0;19,0;20,0;22,5;24,0;26,0;26,5;24,0;20,0
151;Portugal,+Lousa;15,0;17,0;16,0;17,0;21,0;20,0;25,0;24,0;23,5;20,0;18,0;15,0;14,0;15,0;16,0;18,0;20,0;21,0;23,0;25,0;26,0;24,0;19,0
152;Portugal,+Lousada;13,0;16,0;18,0;18,0;26,0;23,5;34,0;28,0;26,5;18,0;17,5;11,0;12,0;14,0;17,0;19,5;20,0;25,5;28,0;29,0;27,0;23,0;17,0
153;Portugal,+Macao;14,0;18,0;18,0;19,0;28,0;26,0;36,0;31,0;28,5;21,0;18,5;13,0;12,0;16,0;19,0;20,0;25,0;30,0;31,0;33,0;29,0;27,0;19,0
154;Portugal,+Macedo+de+Cavaleiros;9,0;14,0;14,0;16,5;25,0;23,5;33,0;30,0;25,5;16,0;14,0;8,0;8,0;10,5;15,0;16,0;20,0;25,0;30,0;32,0;24,0;20,0;13,0
155;Portugal,+Machico;17,0;18,0;17,0;18,0;20,0;21,0;22,0;23,0;23,0;21,0;20,0;18,0;17,0;18,0;16,0;19,0;19,0;21,0;22,0;24,0;24,0;23,0;21,0
156;Portugal,+Madalena;13,0;16,0;18,0;18,0;26,0;23,5;34,0;28,0;26,5;18,0;17,5;11,0;12,0;14,0;17,0;19,5;20,0;25,5;28,0;29,0;27,0;23,0;17,0
157;Portugal,+Mafra;15,0;17,0;16,0;17,0;21,0;20,0;25,0;24,0;23,5;20,0;18,0;15,0;14,0;15,0;16,0;18,0;20,0;21,0;23,0;25,0;26,0;24,0;19,0
158;Portugal,+Maia;13,0;15,0;15,0;16,0;20,0;19,0;24,0;21,0;21,0;17,0;17,0;13,0;13,0;14,0;15,0;17,0;17,0;19,0;20,0;22,0;22,0;20,0;17,0
159;Portugal,+Mangualde;11,0;15,0;16,0;16,0;26,0;23,5;35,0;29,0;27,0;19,0;15,0;10,0;10,0;12,0;16,0;19,0;21,0;27,0;30,0;32,0;26,0;22,0;15,0
160;Portugal,+Manteigas;11,0;15,0;16,0;16,0;25,0;25,0;35,0;30,0;26,5;19,0;16,0;10,0;10,0;11,0;16,0;17,5;21,0;26,5;31,0;33,0;27,0;23,0;15,0
161;Portugal,+Marco+de+Canaveses;11,0;14,0;16,0;17,0;26,0;24,0;35,0;30,0;27,0;17,0;15,0;9,0;10,0;12,0;16,0;19,0;21,0;26,5;29,0;31,0;25,0;21,0;14,0
162;Portugal,+Marinha+Grande;14,0;17,0;17,0;17,0;22,0;21,0;28,0;24,0;24,5;20,0;18,0;13,0;12,0;15,0;16,0;19,0;20,0;22,5;24,0;26,0;26,0;23,0;19,0
163;Portugal,+Marvao;15,0;17,0;16,0;17,0;21,0;20,0;25,0;24,0;23,5;20,0;18,0;15,0;14,0;15,0;16,0;18,0;20,0;21,0;23,0;25,0;26,0;24,0;19,0
164;Portugal,+Matosinhos;13,0;15,0;15,0;16,0;20,0;19,0;24,0;21,0;21,0;17,0;17,0;13,0;13,0;14,0;15,0;17,0;17,0;19,0;20,0;22,0;22,0;20,0;17,0
165;Portugal,+Mealhada;14,0;17,0;17,0;17,5;23,0;22,0;29,0;26,0;26,0;21,0;19,0;13,0;13,0;15,0;17,0;20,0;21,0;24,0;25,0;27,0;27,0;23,0;18,0
166;Portugal,+Meda;8,0;13,0;14,0;14,0;23,0;21,5;33,0;29,0;24,5;16,0;13,0;8,0;7,0;10,0;14,0;15,5;19,0;25,0;28,0;31,0;24,0;21,0;13,0
167;Portugal,+Medio+Tejo;12,0;17,0;17,0;18,0;28,0;27,0;38,0;34,0;28,0;20,0;16,5;12,0;11,0;13,5;18,0;19,0;25,0;30,5;34,0;35,0;29,0;25,0;18,0
168;Portugal,+Melgaco;12,0;14,0;14,0;15,0;20,0;19,0;26,0;22,0;22,0;17,0;16,0;12,0;11,0;12,5;15,0;16,5;16,0;20,0;20,0;22,0;22,0;20,0;16,0
169;Portugal,+Mertola;14,0;19,0;18,0;20,0;28,0;27,0;39,0;35,0;30,5;23,0;19,5;14,0;13,0;16,5;18,0;21,0;27,0;31,0;34,0;35,0;30,0;28,0;19,0
170;Portugal,+Mesao+Frio;13,0;16,0;18,0;17,5;26,0;24,0;34,0;29,0;26,5;19,0;17,5;11,0;12,0;13,0;18,0;19,5;20,0;26,0;29,0;31,0;27,5;22,0;17,0
171;Portugal,+Mira;14,0;17,0;17,0;17,5;23,0;22,0;29,0;26,0;26,0;21,0;19,0;13,0;13,0;15,0;17,0;20,0;21,0;24,0;25,0;27,0;27,0;23,0;18,0
172;Portugal,+Miranda+do+Corvo;14,0;17,0;18,0;18,0;26,0;24,0;33,0;27,0;27,5;21,0;18,5;13,0;12,0;14,5;18,0;21,0;22,0;26,5;28,0;31,0;28,0;25,0;19,0
173;Portugal,+Miranda+do+Douro;9,0;14,0;15,0;16,5;26,0;24,0;34,0;30,0;25,5;17,0;14,5;8,0;8,0;11,5;15,0;17,0;21,0;25,5;30,0;32,0;24,0;21,0;14,0
174;Portugal,+Mirandela;11,0;15,0;15,0;18,0;25,0;24,0;35,0;31,0;28,0;18,0;15,5;10,0;9,0;12,0;17,0;18,0;21,0;26,5;30,0;34,0;26,0;21,0;15,0
175;Portugal,+Mogadouro;14,0;18,0;18,0;18,0;25,0;23,0;31,0;26,0;26,0;21,0;19,0;13,0;13,0;16,0;18,0;20,0;22,0;25,5;26,0;28,0;27,5;24,0;18,0
176;Portugal,+Moimenta+da+Beira;10,0;14,0;16,0;17,0;26,0;24,0;34,0;29,0;27,0;17,0;15,0;10,0;9,0;12,0;16,0;17,0;20,0;26,0;29,0;31,0;25,0;20,0;14,0
177;Portugal,+Moita;14,0;17,0;18,0;18,0;26,0;24,0;33,0;27,0;27,5;21,0;18,5;13,0;12,0;14,5;18,0;21,0;22,0;26,5;28,0;31,0;28,0;25,0;19,0
178;Portugal,+Moncao;13,0;15,0;16,0;16,0;21,0;20,0;26,0;23,0;22,0;17,0;17,0;13,0;12,0;13,0;16,0;17,5;17,0;20,0;22,0;23,0;23,0;21,0;17,0
179;Portugal,+Monchique;13,0;17,0;16,0;17,0;24,0;23,0;30,0;28,0;24,5;20,0;17,5;13,0;12,0;14,5;16,0;18,0;22,0;24,5;28,0;29,0;28,0;25,0;19,0
180;Portugal,+Mondim+de+Basto;11,0;15,0;17,0;16,5;25,0;22,5;34,0;28,0;26,0;18,0;15,5;10,0;11,0;12,0;16,0;18,0;19,0;25,0;29,0;31,0;25,5;21,0;16,0
181;Portugal,+Monforte;14,0;17,0;18,0;18,0;26,0;24,0;33,0;27,0;27,5;21,0;18,5;13,0;12,0;14,5;18,0;21,0;22,0;26,5;28,0;31,0;28,0;25,0;19,0
182;Portugal,+Montalegre;11,0;15,0;15,0;18,0;25,0;24,0;35,0;31,0;28,0;18,0;15,5;10,0;9,0;12,0;17,0;18,0;21,0;26,5;30,0;34,0;26,0;21,0;15,0
183;Portugal,+Montemor-o-Novo;14,0;18,0;18,0;19,0;27,0;26,0;37,0;33,0;29,0;23,0;20,0;14,0;13,0;16,0;18,0;21,0;25,0;30,0;33,0;34,0;30,0;28,0;19,0
184;Portugal,+Montemor-o-Velho;14,0;16,0;16,0;17,0;20,0;20,0;24,0;22,0;22,5;18,0;18,0;14,0;13,0;15,0;16,0;18,0;18,0;19,5;21,0;23,0;24,0;21,0;19,0
185;Portugal,+Montijo;14,0;18,0;18,0;18,0;24,0;23,0;29,0;26,0;24,5;21,0;19,0;15,0;14,0;16,0;17,0;19,5;23,0;25,0;27,0;28,0;28,0;25,0;20,0
186;Portugal,+Mora;9,0;14,0;15,0;16,5;26,0;24,0;34,0;30,0;25,5;17,0;14,5;8,0;8,0;11,5;15,0;17,0;21,0;25,5;30,0;32,0;24,0;21,0;14,0
187;Portugal,+Mortagua;11,0;14,0;16,0;15,0;25,0;22,0;32,0;27,0;25,0;18,0;15,5;10,0;10,0;11,0;16,0;18,0;20,0;24,5;27,0;29,0;25,0;22,0;16,0
188;Portugal,+Moura;14,0;19,0;18,0;20,0;28,0;27,0;39,0;35,0;30,5;23,0;19,5;14,0;13,0;16,5;18,0;21,0;27,0;31,0;34,0;35,0;30,0;28,0;19,0
189;Portugal,+Mourao;14,0;15,0;15,0;15,0;19,0;19,0;23,0;21,0;21,0;17,0;17,0;13,0;13,0;14,0;15,0;16,0;16,0;18,5;19,0;21,0;22,0;20,0;17,0
190;Portugal,+Murca;10,0;14,0;16,0;17,0;26,0;24,0;34,0;29,0;27,0;17,0;15,0;10,0;9,0;12,0;16,0;17,0;20,0;26,0;29,0;31,0;25,0;20,0;14,0
191;Portugal,+Murtosa;14,0;16,0;17,0;17,0;21,0;20,5;26,0;23,0;24,5;19,0;19,0;13,0;13,0;14,5;17,0;19,0;19,0;21,5;22,0;24,0;24,5;22,0;17,0
192;Portugal,+Nazare;14,0;16,0;16,0;16,0;21,0;20,0;26,0;22,0;24,0;19,0;18,0;13,0;12,0;14,5;16,0;18,5;19,0;21,0;22,0;24,0;24,0;22,0;19,0
193;Portugal,+Nelas;11,0;15,0;16,0;16,0;26,0;23,5;35,0;29,0;27,0;19,0;15,0;10,0;10,0;12,0;16,0;19,0;21,0;27,0;30,0;32,0;26,0;22,0;15,0
194;Portugal,+Nisa;11,0;15,0;15,0;16,0;26,0;25,5;36,0;32,0;27,0;20,0;16,0;11,0;10,0;12,5;15,0;17,5;23,0;28,5;32,0;33,0;27,0;25,0;16,0
195;Portugal,+Nordeste;17,0;17,0;16,0;17,0;18,0;19,5;22,0;24,0;22,0;21,0;17,0;16,0;16,0;15,0;16,0;17,0;18,0;21,0;22,0;24,0;23,0;22,0;21,0
196;Portugal,+Odemira;13,0;17,0;16,0;17,0;24,0;23,0;30,0;28,0;24,5;20,0;17,5;13,0;12,0;14,5;16,0;18,0;22,0;24,5;28,0;29,0;28,0;25,0;19,0
197;Portugal,+Odivelas;15,0;17,0;17,0;18,0;24,0;22,5;29,0;25,0;24,0;20,0;19,0;15,0;14,0;16,0;17,0;19,0;22,0;24,0;25,0;27,0;27,0;25,0;20,0
198;Portugal,+Oeiras;16,0;17,0;17,0;18,0;23,0;22,0;27,0;24,0;23,0;20,0;19,0;15,0;14,0;16,0;18,0;18,5;20,0;21,5;23,0;24,0;26,0;23,0;20,0
199;Portugal,+Oeste;13,0;14,0;16,0;16,5;23,0;21,0;30,0;25,0;24,0;17,0;16,5;11,0;12,0;13,0;16,0;19,0;18,0;22,0;25,0;28,0;23,0;22,0;16,0
200;Portugal,+Oleiros;11,0;14,0;16,0;17,0;26,0;24,0;35,0;30,0;27,0;17,0;15,0;9,0;10,0;12,0;16,0;19,0;21,0;26,5;29,0;31,0;25,0;21,0;14,0
201;Portugal,+Olhao;15,0;17,0;17,0;18,0;21,0;23,0;27,0;26,0;24,0;21,0;19,0;16,0;13,0;16,0;17,0;18,0;22,0;23,0;25,0;26,0;26,0;24,0;21,0
202;Portugal,+Oliveira+de+Azemeis;14,0;16,0;18,0;18,0;25,0;22,5;31,0;26,0;25,5;19,0;18,5;13,0;13,0;14,0;18,0;20,0;20,0;25,0;25,0;28,0;26,0;23,0;18,0
203;Portugal,+Oliveira+de+Frades;11,0;14,0;16,0;15,0;25,0;22,0;32,0;27,0;25,0;18,0;15,5;10,0;10,0;11,0;16,0;18,0;20,0;24,5;27,0;29,0;25,0;22,0;16,0
204;Portugal,+Oliveira+do+Bairro;14,0;17,0;19,0;18,0;25,0;23,5;32,0;27,0;27,0;21,0;19,0;13,0;13,0;14,0;18,0;21,0;22,0;26,0;27,0;30,0;28,0;23,0;18,0
205;Portugal,+Oliveira+do+Hospital;11,0;15,0;16,0;16,0;25,0;25,0;35,0;30,0;26,5;19,0;16,0;10,0;10,0;11,0;16,0;17,5;21,0;26,5;31,0;33,0;27,0;23,0;15,0
206;Portugal,+Ourem;14,0;17,0;17,0;17,0;25,0;23,0;34,0;27,0;26,5;20,0;18,0;13,0;12,0;15,0;18,0;20,0;22,0;26,0;28,0;30,0;29,0;24,0;18,0
207;Portugal,+Ourique;13,0;17,0;16,0;17,0;24,0;23,0;30,0;28,0;24,5;20,0;17,5;13,0;12,0;14,5;16,0;18,0;22,0;24,5;28,0;29,0;28,0;25,0;19,0
208;Portugal,+Ovar;13,0;16,0;18,0;17,0;23,0;21,5;28,0;24,0;24,5;19,0;18,0;13,0;13,0;14,5;17,0;19,0;19,0;22,5;23,0;25,0;24,0;23,0;17,0
209;Portugal,+Pacos+de+Ferreira;13,0;16,0;18,0;18,0;26,0;23,5;34,0;28,0;26,5;18,0;17,5;11,0;12,0;14,0;17,0;19,5;20,0;25,5;28,0;29,0;27,0;23,0;17,0
210;Portugal,+Palmela;14,0;17,0;17,0;18,0;25,0;23,0;29,0;27,0;24,0;21,0;19,0;15,0;13,0;15,5;17,0;19,0;23,0;25,0;28,0;28,0;27,5;26,0;20,0
211;Portugal,+Pampilhosa+da+Serra;14,0;17,0;18,0;18,0;26,0;24,0;33,0;27,0;27,5;21,0;18,5;13,0;12,0;14,5;18,0;21,0;22,0;26,5;28,0;31,0;28,0;25,0;19,0
212;Portugal,+Paredes;13,0;16,0;18,0;18,0;26,0;23,5;34,0;28,0;26,5;18,0;17,5;11,0;12,0;14,0;17,0;19,5;20,0;25,5;28,0;29,0;27,0;23,0;17,0
213;Portugal,+Paredes+de+Coura;13,0;16,0;18,0;17,0;25,0;23,0;33,0;27,0;26,5;18,0;17,0;12,0;12,0;13,0;17,0;19,0;20,0;25,0;28,0;31,0;27,0;22,0;18,0
214;Portugal,+Pedrogao+Grande;14,0;17,0;18,0;18,0;26,0;24,0;33,0;27,0;27,5;21,0;18,5;13,0;12,0;14,5;18,0;21,0;22,0;26,5;28,0;31,0;28,0;25,0;19,0
215;Portugal,+Penacova;14,0;16,0;18,0;18,0;26,0;24,0;33,0;29,0;26,5;19,0;17,5;11,0;12,0;13,0;18,0;19,5;20,0;26,0;28,0;31,0;27,5;22,0;19,0
216;Portugal,+Penafiel;13,0;16,0;18,0;18,0;26,0;23,5;34,0;28,0;26,5;18,0;17,5;11,0;12,0;14,0;17,0;19,5;20,0;25,5;28,0;29,0;27,0;23,0;17,0
217;Portugal,+Penalva+do+Castelo;11,0;15,0;16,0;16,0;26,0;23,5;35,0;29,0;27,0;19,0;15,0;10,0;10,0;12,0;16,0;19,0;21,0;27,0;30,0;32,0;26,0;22,0;15,0
218;Portugal,+Penamacor;10,0;16,0;15,0;16,0;25,0;24,5;35,0;31,0;26,0;18,0;15,0;10,0;10,0;12,0;16,0;17,0;22,0;28,0;31,0;33,0;26,0;23,0;16,0
219;Portugal,+Penedono;10,0;14,0;16,0;17,0;26,0;24,0;34,0;29,0;27,0;17,0;15,0;10,0;9,0;12,0;16,0;17,0;20,0;26,0;29,0;31,0;25,0;20,0;14,0
220;Portugal,+Penela;14,0;17,0;18,0;18,0;26,0;24,0;33,0;27,0;27,5;21,0;18,5;13,0;12,0;14,5;18,0;21,0;22,0;26,5;28,0;31,0;28,0;25,0;19,0
221;Portugal,+Peniche;14,0;16,0;16,0;17,0;21,0;20,5;24,0;23,0;23,5;19,0;19,0;14,0;13,0;15,0;16,0;18,0;19,0;20,5;22,0;23,0;25,0;22,0;19,0
222;Portugal,+Peso+da+Regua;10,0;14,0;16,0;17,0;26,0;24,0;34,0;29,0;27,0;17,0;15,0;10,0;9,0;12,0;16,0;17,0;20,0;26,0;29,0;31,0;25,0;20,0;14,0
223;Portugal,+Pinhel;8,0;13,0;14,0;14,0;23,0;21,5;33,0;29,0;24,5;16,0;13,0;8,0;7,0;10,0;14,0;15,5;19,0;25,0;28,0;31,0;24,0;21,0;13,0
224;Portugal,+Pombal;14,0;18,0;16,0;18,0;23,0;25,0;29,0;29,0;25,0;21,0;18,0;14,0;13,0;15,5;17,0;19,0;24,0;26,0;29,0;30,0;29,0;25,0;21,0
225;Portugal,+Ponta+Delgada;17,0;17,0;16,0;17,0;18,0;19,5;22,0;24,0;22,0;21,0;17,0;16,0;16,0;15,0;16,0;17,0;18,0;21,0;22,0;24,0;23,0;22,0;21,0
226;Portugal,+Ponta+do+Sol;13,0;15,0;13,0;14,0;17,0;18,5;21,0;22,0;20,5;18,0;15,5;13,0;13,0;14,5;13,0;15,0;17,0;19,0;25,0;23,0;22,0;21,0;17,0
227;Portugal,+Ponte+da+Barca;13,0;16,0;18,0;17,0;25,0;23,0;33,0;27,0;26,5;18,0;17,0;12,0;12,0;13,0;17,0;19,0;20,0;25,0;28,0;31,0;27,0;22,0;18,0
228;Portugal,+Ponte+de+Lima;13,0;16,0;18,0;17,0;25,0;23,0;33,0;27,0;26,5;18,0;17,0;12,0;12,0;13,0;17,0;19,0;20,0;25,0;28,0;31,0;27,0;22,0;18,0
229;Portugal,+Ponte+de+Sor;14,0;18,0;18,0;19,0;28,0;26,0;36,0;31,0;28,5;21,0;18,5;13,0;12,0;16,0;19,0;20,0;25,0;30,0;31,0;33,0;29,0;27,0;19,0
230;Portugal,+Portalegre;11,0;15,0;15,0;16,0;26,0;25,5;36,0;32,0;27,0;20,0;16,0;11,0;10,0;12,5;15,0;17,5;23,0;28,5;32,0;33,0;27,0;25,0;16,0
231;Portugal,+Portel;13,0;18,0;17,0;19,0;27,0;26,5;37,0;34,0;29,0;23,0;18,5;14,0;12,0;15,5;17,0;20,5;25,0;30,5;34,0;34,0;29,5;27,0;18,0
232;Portugal,+Portimao;15,0;18,0;17,0;18,0;23,0;23,0;28,0;28,0;25,0;21,0;19,0;16,0;14,0;16,0;18,0;19,0;23,0;24,5;27,0;28,0;28,0;25,0;21,0
233;Portugal,+Porto;13,0;16,0;16,0;17,0;22,0;20,0;27,0;23,0;23,0;18,0;18,0;13,0;13,0;14,0;17,0;18,0;18,0;20,5;22,0;23,0;23,0;22,0;17,0
234;Portugal,+Porto+Moniz;13,0;15,0;13,0;14,0;17,0;18,5;21,0;22,0;20,5;18,0;15,5;13,0;13,0;14,5;13,0;15,0;17,0;19,0;25,0;23,0;22,0;21,0;17,0
235;Portugal,+Porto+Santo;14,0;16,0;18,0;18,0;25,0;21,0;32,0;27,0;25,0;19,0;17,0;12,0;17,0;14,0;18,0;19,5;20,0;24,5;26,0;28,0;26,0;23,0;18,0
236;Portugal,+Porto+de+Mos;14,0;16,0;16,0;16,0;21,0;20,0;26,0;22,0;24,0;19,0;18,0;13,0;12,0;14,5;16,0;18,5;19,0;21,0;22,0;24,0;24,0;22,0;19,0
237;Portugal,+Povoa+de+Lanhoso;13,0;15,0;17,0;17,0;25,0;23,5;33,0;28,0;25,5;19,0;16,5;11,0;12,0;13,0;18,0;19,0;20,0;25,5;29,0;30,0;27,0;23,0;17,0
238;Portugal,+Povoa+de+Varzim;14,0;15,0;15,0;15,0;19,0;19,0;23,0;21,0;21,0;17,0;17,0;13,0;13,0;14,0;15,0;16,0;16,0;18,5;19,0;21,0;22,0;20,0;17,0
239;Portugal,+Povoacao;14,0;17,0;15,0;17,0;19,0;19,0;23,0;24,0;21,0;17,0;17,0;13,0;13,0;15,0;16,0;17,0;18,0;18,5;22,0;21,0;23,0;22,0;17,0
240;Portugal,+Proenca-a-Nova;12,0;17,0;17,0;18,0;28,0;27,0;38,0;34,0;28,0;20,0;16,5;12,0;11,0;13,5;18,0;19,0;25,0;30,5;34,0;35,0;29,0;25,0;18,0
241;Portugal,+Redondo;13,0;15,0;17,0;17,0;25,0;23,5;33,0;28,0;25,5;19,0;16,5;11,0;12,0;13,0;18,0;19,0;20,0;25,5;29,0;30,0;27,0;23,0;17,0
242;Portugal,+Regiao+de+Aveiro;14,0;16,0;17,0;17,0;21,0;20,5;26,0;23,0;24,5;19,0;19,0;13,0;13,0;14,5;17,0;19,0;19,0;21,5;22,0;24,0;24,5;22,0;17,0
243;Portugal,+Regiao+de+Coimbra;14,0;17,0;18,0;18,0;26,0;24,0;33,0;27,0;27,5;21,0;18,5;13,0;12,0;14,5;18,0;21,0;22,0;26,5;28,0;31,0;28,0;25,0;19,0
244;Portugal,+Regiao+de+Leiria;14,0;17,0;17,0;17,0;22,0;21,0;28,0;24,0;24,5;20,0;18,0;13,0;12,0;15,0;16,0;19,0;20,0;22,5;24,0;26,0;26,0;23,0;19,0
245;Portugal,+Reguengos+de+Monsaraz;13,0;18,0;17,0;19,0;27,0;26,5;37,0;34,0;29,0;23,0;18,5;14,0;12,0;15,5;17,0;20,5;25,0;30,5;34,0;34,0;29,5;27,0;18,0
246;Portugal,+Resende;11,0;14,0;16,0;17,0;26,0;24,0;35,0;30,0;27,0;17,0;15,0;9,0;10,0;12,0;16,0;19,0;21,0;26,5;29,0;31,0;25,0;21,0;14,0
247;Portugal,+Ribeira+Brava;13,0;15,0;13,0;14,0;17,0;18,5;21,0;22,0;20,5;18,0;15,5;13,0;13,0;14,5;13,0;15,0;17,0;19,0;25,0;23,0;22,0;21,0;17,0
248;Portugal,+Ribeira+Grande;17,0;16,0;16,0;16,0;17,0;18,0;21,0;23,0;21,0;21,0;16,0;16,0;17,0;15,0;16,0;16,0;17,0;20,0;22,0;23,0;22,0;22,0;21,0
249;Portugal,+Ribeira+de+Pena;10,0;14,0;16,0;17,0;26,0;24,0;34,0;29,0;27,0;17,0;15,0;10,0;9,0;12,0;16,0;17,0;20,0;26,0;29,0;31,0;25,0;20,0;14,0
250;Portugal,+Rio+Maior;14,0;16,0;16,0;17,0;21,0;20,5;24,0;23,0;23,5;19,0;19,0;14,0;13,0;15,0;16,0;18,0;19,0;20,5;22,0;23,0;25,0;22,0;19,0
251;Portugal,+Sabrosa;11,0;14,0;16,0;15,0;25,0;22,0;32,0;27,0;25,0;18,0;15,5;10,0;10,0;11,0;16,0;18,0;20,0;24,5;27,0;29,0;25,0;22,0;16,0
252;Portugal,+Sabugal;8,0;13,0;14,0;14,0;23,0;21,5;33,0;29,0;24,5;16,0;13,0;8,0;7,0;10,0;14,0;15,5;19,0;25,0;28,0;31,0;24,0;21,0;13,0
253;Portugal,+Salvaterra+de+Magos;14,0;18,0;17,0;18,0;24,0;23,0;32,0;27,0;25,5;20,0;18,0;14,0;13,0;16,0;17,0;20,0;22,0;26,0;27,0;29,0;28,5;25,0;20,0
254;Portugal,+Santa+Comba+Dao;11,0;14,0;16,0;15,0;25,0;22,0;32,0;27,0;25,0;18,0;15,5;10,0;10,0;11,0;16,0;18,0;20,0;24,5;27,0;29,0;25,0;22,0;16,0
255;Portugal,+Santa+Cruz;17,0;18,0;17,0;18,0;20,0;21,0;22,0;23,0;23,0;21,0;20,0;18,0;17,0;18,0;16,0;19,0;19,0;21,0;22,0;24,0;24,0;23,0;21,0
256;Portugal,+Santa+Cruz+da+Graciosa;16,0;15,0;15,0;16,0;17,0;18,0;21,0;23,0;20,5;20,0;16,0;15,0;16,0;14,0;15,0;15,5;17,0;19,5;21,0;23,0;21,5;21,0;20,0
257;Portugal,+Santa+Cruz+das+Flores;16,0;16,0;15,0;16,0;17,0;18,0;21,0;23,0;21,0;20,0;17,0;16,0;17,0;15,0;16,0;16,0;17,0;20,0;21,0;23,0;21,0;21,0;21,0
258;Portugal,+Santa+Maria+da+Feira;11,0;15,0;16,0;16,0;25,0;25,0;35,0;30,0;26,5;19,0;16,0;10,0;10,0;11,0;16,0;17,5;21,0;26,5;31,0;33,0;27,0;23,0;15,0
259;Portugal,+Santa+Marta+de+Penaguiao;10,0;14,0;16,0;17,0;26,0;24,0;34,0;29,0;27,0;17,0;15,0;10,0;9,0;12,0;16,0;17,0;20,0;26,0;29,0;31,0;25,0;20,0;14,0
260;Portugal,+Santana;14,0;19,0;18,0;20,0;28,0;27,0;39,0;35,0;30,5;23,0;19,5;14,0;13,0;16,5;18,0;21,0;27,0;31,0;34,0;35,0;30,0;28,0;19,0
261;Portugal,+Santarem;14,0;18,0;18,0;18,5;26,0;24,0;35,0;29,0;27,5;22,0;19,0;14,0;13,0;17,0;18,0;20,5;23,0;28,0;29,0;31,0;29,0;26,0;20,0
262;Portugal,+Santiago+do+Cacem;14,0;17,0;16,0;17,0;21,0;21,0;24,0;23,0;23,0;20,0;19,0;15,0;13,0;15,5;16,0;18,0;19,0;20,0;22,0;23,0;25,0;23,0;20,0
263;Portugal,+Santo+Tirso;14,0;16,0;18,0;18,0;25,0;22,5;32,0;27,0;25,0;19,0;17,0;12,0;13,0;14,0;18,0;19,5;20,0;24,5;26,0;28,0;26,0;23,0;18,0
264;Portugal,+Sao+Bras+de+Alportel;14,0;18,0;16,0;18,0;23,0;24,5;29,0;29,0;25,0;21,0;18,0;14,0;13,0;15,0;17,0;18,0;24,0;26,0;29,0;29,0;28,0;26,0;20,0
265;Portugal,+Sao+Joao+da+Madeira;13,0;16,0;18,0;17,0;23,0;21,5;28,0;24,0;24,5;19,0;18,0;13,0;13,0;14,5;17,0;19,0;19,0;22,5;23,0;25,0;24,0;23,0;17,0
266;Portugal,+Sao+Joao+da+Pesqueira;10,0;14,0;16,0;17,0;26,0;24,0;34,0;29,0;27,0;17,0;15,0;10,0;9,0;12,0;16,0;17,0;20,0;26,0;29,0;31,0;25,0;20,0;14,0
267;Portugal,+Sao+Pedro+do+Sul;11,0;15,0;16,0;16,0;26,0;23,5;35,0;29,0;27,0;19,0;15,0;10,0;10,0;12,0;16,0;19,0;21,0;27,0;30,0;32,0;26,0;22,0;15,0
268;Portugal,+Sao+Roque+do+Pico;16,0;15,0;15,0;16,0;17,0;18,0;21,0;23,0;20,5;20,0;16,0;15,0;16,0;14,0;15,0;15,5;17,0;19,5;21,0;23,0;21,5;21,0;20,0
269;Portugal,+Sao+Vicente;14,0;16,0;18,0;18,0;25,0;22,5;31,0;26,0;25,5;19,0;18,5;13,0;13,0;14,0;18,0;20,0;20,0;25,0;25,0;28,0;26,0;23,0;18,0
270;Portugal,+Sardoal;13,0;15,0;15,0;16,0;20,0;19,0;24,0;21,0;21,0;17,0;17,0;13,0;13,0;14,0;15,0;17,0;17,0;19,0;20,0;22,0;22,0;20,0;17,0
271;Portugal,+Satao;11,0;15,0;16,0;16,0;26,0;23,5;35,0;29,0;27,0;19,0;15,0;10,0;10,0;12,0;16,0;19,0;21,0;27,0;30,0;32,0;26,0;22,0;15,0
272;Portugal,+Seia;11,0;15,0;16,0;16,0;25,0;25,0;35,0;30,0;26,5;19,0;16,0;10,0;10,0;11,0;16,0;17,5;21,0;26,5;31,0;33,0;27,0;23,0;15,0
273;Portugal,+Seixal;15,0;17,0;16,0;17,0;21,0;20,0;25,0;24,0;23,5;20,0;18,0;15,0;14,0;15,0;16,0;18,0;20,0;21,0;23,0;25,0;26,0;24,0;19,0
274;Portugal,+Sernancelhe;11,0;15,0;16,0;16,0;26,0;23,5;35,0;29,0;27,0;19,0;15,0;10,0;10,0;12,0;16,0;19,0;21,0;27,0;30,0;32,0;26,0;22,0;15,0
275;Portugal,+Serpa;14,0;19,0;18,0;20,0;28,0;27,0;39,0;35,0;30,5;23,0;19,5;14,0;13,0;16,5;18,0;21,0;27,0;31,0;34,0;35,0;30,0;28,0;19,0
276;Portugal,+Serta;14,0;18,0;18,0;18,0;26,0;24,0;35,0;29,0;28,0;21,0;18,5;13,0;13,0;15,0;18,0;20,5;23,0;28,0;29,0;32,0;29,0;25,0;18,0
277;Portugal,+Sesimbra;14,0;17,0;17,0;18,0;25,0;23,0;29,0;27,0;24,0;21,0;19,0;15,0;13,0;15,5;17,0;19,0;23,0;25,0;28,0;28,0;27,5;26,0;20,0
278;Portugal,+Setubal;14,0;17,0;17,0;18,0;25,0;23,0;29,0;27,0;24,0;21,0;19,0;15,0;13,0;15,5;17,0;19,0;23,0;25,0;28,0;28,0;27,5;26,0;20,0
279;Portugal,+Sever+do+Vouga;14,0;16,0;18,0;18,0;25,0;22,5;31,0;26,0;25,5;19,0;18,5;13,0;13,0;14,0;18,0;20,0;20,0;25,0;25,0;28,0;26,0;23,0;18,0
280;Portugal,+Silves;15,0;18,0;17,0;18,0;23,0;24,0;28,0;28,0;24,5;21,0;19,0;15,0;14,0;16,0;17,0;19,0;23,0;25,0;28,0;29,0;28,0;25,0;21,0
281;Portugal,+Sines;14,0;17,0;16,0;17,0;21,0;21,0;24,0;23,0;23,0;20,0;19,0;15,0;13,0;15,5;16,0;18,0;19,0;20,0;22,0;23,0;25,0;23,0;20,0
282;Portugal,+Sintra;15,0;17,0;17,0;18,0;22,0;22,0;25,0;24,0;23,0;20,0;19,0;15,0;14,0;15,0;17,0;18,0;20,0;21,0;23,0;24,0;26,0;23,0;20,0
283;Portugal,+Sobral+de+Monte+Agraco;15,0;17,0;17,0;17,0;22,0;22,0;27,0;25,0;24,5;20,0;19,0;15,0;13,0;15,0;16,0;19,0;20,0;22,5;24,0;26,0;26,5;24,0;20,0
284;Portugal,+Soure;14,0;18,0;18,0;18,0;25,0;23,0;31,0;26,0;26,0;21,0;19,0;13,0;13,0;16,0;18,0;20,0;22,0;25,5;26,0;28,0;27,5;24,0;18,0
285;Portugal,+Sousel;13,0;18,0;17,0;19,0;27,0;26,5;37,0;34,0;29,0;23,0;18,5;14,0;12,0;15,5;17,0;20,5;25,0;30,5;34,0;34,0;29,5;27,0;18,0
286;Portugal,+Tabua;13,0;15,0;13,0;14,0;17,0;18,5;21,0;22,0;20,5;18,0;15,5;13,0;13,0;14,5;13,0;15,0;17,0;19,0;25,0;23,0;22,0;21,0;17,0
287;Portugal,+Tabuaco;10,0;14,0;16,0;17,0;26,0;24,0;34,0;29,0;27,0;17,0;15,0;10,0;9,0;12,0;16,0;17,0;20,0;26,0;29,0;31,0;25,0;20,0;14,0
288;Portugal,+Tamega+e+Sousa;11,0;14,0;16,0;17,0;26,0;24,0;35,0;30,0;27,0;17,0;15,0;9,0;10,0;12,0;16,0;19,0;21,0;26,5;29,0;31,0;25,0;21,0;14,0
289;Portugal,+Tarouca;14,0;18,0;18,0;18,0;25,0;23,0;31,0;26,0;26,0;21,0;19,0;13,0;13,0;16,0;18,0;20,0;22,0;25,5;26,0;28,0;27,5;24,0;18,0
290;Portugal,+Tavira;15,0;18,0;18,0;19,0;24,0;25,0;30,0;29,0;26,0;22,0;19,0;16,0;14,0;16,0;18,0;19,0;24,0;26,0;29,0;29,0;29,0;26,0;21,0
291;Portugal,+Terras+de+Bouro;13,0;15,0;16,0;17,0;26,0;24,0;33,0;29,0;26,0;17,0;15,0;10,0;10,0;13,0;17,0;19,0;20,0;26,0;29,0;31,0;27,0;22,0;16,0
292;Portugal,+Terras+de+Tras-os-Montes;32,0;30,0;30,0;29,5;29,0;30,0;32,0;36,0;37,0;38,0;36,0;36,0;34,0;34,0;32,0;33,0;31,0;34,0;35,0;36,0;39,0;39,0;38,0
293;Portugal,+Tomar;14,0;18,0;18,0;18,0;26,0;24,0;35,0;29,0;28,0;21,0;18,5;13,0;13,0;15,0;18,0;20,5;23,0;28,0;29,0;32,0;29,0;25,0;18,0
294;Portugal,+Tondela;11,0;14,0;16,0;15,0;25,0;22,0;32,0;27,0;25,0;18,0;15,5;10,0;10,0;11,0;16,0;18,0;20,0;24,5;27,0;29,0;25,0;22,0;16,0
295;Portugal,+Torre+de+Moncorvo;10,0;14,0;16,0;17,0;26,0;24,0;34,0;29,0;27,0;17,0;15,0;10,0;9,0;12,0;16,0;17,0;20,0;26,0;29,0;31,0;25,0;20,0;14,0
296;Portugal,+Torres+Novas;14,0;18,0;18,0;18,5;27,0;25,0;36,0;29,0;28,0;22,0;18,5;14,0;13,0;16,0;18,0;20,5;23,0;28,0;30,0;32,0;30,0;25,0;20,0
297;Portugal,+Torres+Vedras;15,0;17,0;17,0;17,0;22,0;22,0;27,0;25,0;24,5;20,0;19,0;15,0;13,0;15,0;16,0;19,0;20,0;22,5;24,0;26,0;26,5;24,0;20,0
298;Portugal,+Trancoso;11,0;14,0;16,0;17,0;26,0;24,0;35,0;30,0;27,0;17,0;15,0;9,0;10,0;12,0;16,0;19,0;21,0;26,5;29,0;31,0;25,0;21,0;14,0
299;Portugal,+Trofa;11,0;15,0;17,0;16,5;25,0;22,5;34,0;28,0;26,0;18,0;15,5;10,0;11,0;12,0;16,0;18,0;19,0;25,0;29,0;31,0;25,5;21,0;16,0
300;Portugal,+Vagos;14,0;16,0;17,0;17,0;21,0;20,5;26,0;23,0;24,5;19,0;19,0;13,0;13,0;14,5;17,0;19,0;19,0;21,5;22,0;24,0;24,5;22,0;17,0
301;Portugal,+Vale+de+Cambra;14,0;16,0;18,0;18,0;25,0;22,5;31,0;26,0;25,5;19,0;18,5;13,0;13,0;14,0;18,0;20,0;20,0;25,0;25,0;28,0;26,0;23,0;18,0
302;Portugal,+Valenca;12,0;14,0;14,0;15,0;20,0;19,0;26,0;22,0;22,0;17,0;16,0;12,0;11,0;12,5;15,0;16,5;16,0;20,0;20,0;22,0;22,0;20,0;16,0
303;Portugal,+Valongo;9,0;14,0;14,0;16,5;25,0;23,5;33,0;30,0;25,5;16,0;14,0;8,0;8,0;10,5;15,0;16,0;20,0;25,0;30,0;32,0;24,0;20,0;13,0
304;Portugal,+Valpacos;11,0;15,0;15,0;18,0;25,0;24,0;35,0;31,0;28,0;18,0;15,5;10,0;9,0;12,0;17,0;18,0;21,0;26,5;30,0;34,0;26,0;21,0;15,0
305;Portugal,+Velas;16,0;15,0;15,0;16,0;17,0;18,0;21,0;23,0;20,5;20,0;16,0;15,0;16,0;14,0;15,0;15,5;17,0;19,5;21,0;23,0;21,5;21,0;20,0
306;Portugal,+Vendas+Novas;14,0;18,0;18,0;19,0;27,0;26,0;37,0;33,0;29,0;23,0;20,0;14,0;13,0;16,0;18,0;21,0;25,0;30,0;33,0;34,0;30,0;28,0;19,0
307;Portugal,+Viana+do+Alentejo;13,0;18,0;17,0;19,0;27,0;26,5;37,0;34,0;29,0;23,0;18,5;14,0;12,0;15,5;17,0;20,5;25,0;30,5;34,0;34,0;29,5;27,0;18,0
308;Portugal,+Viana+do+Castelo;13,0;15,0;16,0;16,0;21,0;20,0;26,0;23,0;22,0;17,0;17,0;13,0;12,0;13,0;16,0;17,5;17,0;20,0;22,0;23,0;23,0;21,0;17,0
309;Portugal,+Vidigueira;14,0;16,0;18,0;18,0;25,0;22,5;31,0;26,0;25,5;19,0;18,5;13,0;13,0;14,0;18,0;20,0;20,0;25,0;25,0;28,0;26,0;23,0;18,0
310;Portugal,+Vieira+do+Minho;11,0;15,0;17,0;16,5;25,0;22,5;34,0;28,0;26,0;18,0;15,5;10,0;11,0;12,0;16,0;18,0;19,0;25,0;29,0;31,0;25,5;21,0;16,0
311;Portugal,+Vila+Flor;14,0;17,0;18,0;18,0;26,0;24,0;33,0;27,0;27,5;21,0;18,5;13,0;12,0;14,5;18,0;21,0;22,0;26,5;28,0;31,0;28,0;25,0;19,0
312;Portugal,+Vila+Franca+de+Xira;14,0;18,0;17,0;18,0;24,0;23,0;32,0;27,0;25,5;20,0;18,0;14,0;13,0;16,0;17,0;20,0;22,0;26,0;27,0;29,0;28,5;25,0;20,0
313;Portugal,+Vila+Franca+do+Campo;17,0;17,0;16,0;17,0;18,0;19,5;22,0;24,0;22,0;21,0;17,0;16,0;16,0;15,0;16,0;17,0;18,0;21,0;22,0;24,0;23,0;22,0;21,0
314;Portugal,+Vila+Nova+da+Barquinha;14,0;18,0;18,0;18,5;27,0;25,0;36,0;29,0;28,0;22,0;18,5;14,0;13,0;16,0;18,0;20,5;23,0;28,0;30,0;32,0;30,0;25,0;20,0
315;Portugal,+Vila+Nova+de+Cerveira;13,0;16,0;18,0;17,0;25,0;23,0;33,0;27,0;26,5;18,0;17,0;12,0;12,0;13,0;17,0;19,0;20,0;25,0;28,0;31,0;27,0;22,0;18,0
316;Portugal,+Vila+Nova+de+Famalicao;14,0;16,0;18,0;18,0;25,0;22,5;32,0;27,0;25,0;19,0;17,0;12,0;13,0;14,0;18,0;19,5;20,0;24,5;26,0;28,0;26,0;23,0;18,0
317;Portugal,+Vila+Nova+de+Foz+Coa;10,0;14,0;16,0;17,0;26,0;24,0;34,0;29,0;27,0;17,0;15,0;10,0;9,0;12,0;16,0;17,0;20,0;26,0;29,0;31,0;25,0;20,0;14,0
318;Portugal,+Vila+Nova+de+Gaia;13,0;16,0;16,0;17,0;22,0;20,0;27,0;23,0;23,0;18,0;18,0;13,0;13,0;14,0;17,0;18,0;18,0;20,5;22,0;23,0;23,0;22,0;17,0
319;Portugal,+Vila+Nova+de+Paiva;11,0;15,0;16,0;16,0;26,0;23,5;35,0;29,0;27,0;19,0;15,0;10,0;10,0;12,0;16,0;19,0;21,0;27,0;30,0;32,0;26,0;22,0;15,0
320;Portugal,+Vila+Nova+de+Poiares;10,0;14,0;16,0;17,0;26,0;24,0;34,0;29,0;27,0;17,0;15,0;10,0;9,0;12,0;16,0;17,0;20,0;26,0;29,0;31,0;25,0;20,0;14,0
321;Portugal,+Vila+Pouca+de+Aguiar;10,0;14,0;16,0;17,0;26,0;24,0;34,0;29,0;27,0;17,0;15,0;10,0;9,0;12,0;16,0;17,0;20,0;26,0;29,0;31,0;25,0;20,0;14,0
322;Portugal,+Vila+Real;10,0;14,0;16,0;17,0;26,0;24,0;34,0;29,0;27,0;17,0;15,0;10,0;9,0;12,0;16,0;17,0;20,0;26,0;29,0;31,0;25,0;20,0;14,0
323;Portugal,+Vila+Real+de+Santo+Antonio;11,0;15,0;15,0;18,0;25,0;24,0;35,0;31,0;28,0;18,0;15,5;10,0;9,0;12,0;17,0;18,0;21,0;26,5;30,0;34,0;26,0;21,0;15,0
324;Portugal,+Vila+Velha+de+Rodao;12,0;17,0;17,0;18,0;28,0;27,0;38,0;34,0;28,0;20,0;16,5;12,0;11,0;13,5;18,0;19,0;25,0;30,5;34,0;35,0;29,0;25,0;18,0
325;Portugal,+Vila+Verde;10,0;14,0;16,0;17,0;26,0;24,0;34,0;29,0;27,0;17,0;15,0;10,0;9,0;12,0;16,0;17,0;20,0;26,0;29,0;31,0;25,0;20,0;14,0
326;Portugal,+Vila+Vicosa;11,0;14,0;16,0;17,0;26,0;24,0;35,0;30,0;27,0;17,0;15,0;9,0;10,0;12,0;16,0;19,0;21,0;26,5;29,0;31,0;25,0;21,0;14,0
327;Portugal,+Vila+da+Praia+da+Vitoria;16,0;16,0;15,0;16,0;17,0;18,0;21,0;24,0;21,0;20,0;16,0;15,0;16,0;15,0;15,0;16,0;18,0;20,0;22,0;23,0;22,0;21,0;20,0
328;Portugal,+Vila+de+Rei;14,0;18,0;17,0;18,0;24,0;23,0;32,0;27,0;25,5;20,0;18,0;14,0;13,0;16,0;17,0;20,0;22,0;26,0;27,0;29,0;28,5;25,0;20,0
329;Portugal,+Vila+do+Bispo;15,0;16,0;15,0;17,0;19,0;19,0;21,0;21,0;22,0;19,0;19,0;16,0;14,0;15,0;16,0;17,0;18,0;19,0;20,0;21,0;23,0;22,0;20,0
330;Portugal,+Vila+do+Conde;11,0;15,0;15,0;18,0;25,0;24,0;35,0;31,0;28,0;18,0;15,5;10,0;9,0;12,0;17,0;18,0;21,0;26,5;30,0;34,0;26,0;21,0;15,0
331;Portugal,+Vila+do+Porto;14,0;15,0;15,0;15,0;19,0;19,0;23,0;21,0;21,0;17,0;17,0;13,0;13,0;14,0;15,0;16,0;16,0;18,5;19,0;21,0;22,0;20,0;17,0
332;Portugal,+Vimioso;9,0;14,0;15,0;16,5;26,0;24,0;34,0;30,0;25,5;17,0;14,5;8,0;8,0;11,5;15,0;17,0;21,0;25,5;30,0;32,0;24,0;21,0;14,0
333;Portugal,+Vinhais;9,0;14,0;14,0;16,5;25,0;23,5;33,0;30,0;25,5;16,0;14,0;8,0;8,0;10,5;15,0;16,0;20,0;25,0;30,0;32,0;24,0;20,0;13,0
334;Portugal,+Viseu;11,0;15,0;16,0;16,0;26,0;23,5;35,0;29,0;27,0;19,0;15,0;10,0;10,0;12,0;16,0;19,0;21,0;27,0;30,0;32,0;26,0;22,0;15,0
335;Portugal,+Viseu+Dao+Lafoes;11,0;14,0;16,0;15,0;25,0;22,0;32,0;27,0;25,0;18,0;15,5;10,0;10,0;11,0;16,0;18,0;20,0;24,5;27,0;29,0;25,0;22,0;16,0
336;Portugal,+Vizela;13,0;16,0;18,0;17,5;26,0;24,0;34,0;29,0;26,5;19,0;17,5;11,0;12,0;13,0;18,0;19,5;20,0;26,0;29,0;31,0;27,5;22,0;17,0
337;Portugal,+Vouzela;11,0;14,0;16,0;15,0;25,0;22,0;32,0;27,0;25,0;18,0;15,5;10,0;10,0;11,0;16,0;18,0;20,0;24,5;27,0;29,0;25,0;22,0;16,0
