;Unnamed: 0_x;Unnamed: 0.1;Ambito Geografico;Regiao;Cidades;qtd Idade 0 -14;qtd Idade 15-64;qtd idade >65;% Idade 0 -14;% Idade 15-64;% idade >65;"N.º médio de indivíduos por Km²	
	";% cidadãos estrangeiros,em relacao total da população;qtd Hospitais particulares e publicos;qtd Farmacias;Quantidade construçoes novas;qtd escolas - pre-escolar -4 -6 anos;qtd escolas - ciclo 1 - 6-10 anos;qtd escolas - ciclo 2 - 10 -12 anos;qtd escolas - ciclo 3 - 13 -15 anos;qtd shows,exibicoes,teatro;qtd Cinemas;Ganho medio mensal;% Desempregados;% Poder de compra;% Crimes;qtd bancos;Latitude;Longitude;Address;Distance_Lisboa;Distance_Porto;duration_hours_driving_lisboa, Portugal;distance_drivingdriving_lisboa, Portugal;duration_hours_driving_porto, Portugal;distance_drivingdriving_porto, Portugal;Unnamed: 0_y;Clima_Ranking
0;0;4;Município;Norte;Arcos de Valdevez;1988;12099;6770;9,5;58,0;32,5;46,6;1,4;0;6;20;10;4;3;3;23;1;891,9;4,5;68,6;29,2;6;41,8471981;-8,417882;Arcos de Valdevez, Viana do Castelo, Portugal;353,91829216765433;79,15045837351244;3,8;408,6;1,1;99,7;34,0;18,0
1;1;5;Município;Norte;Caminha;1736;9981;4115;11,0;63,0;26,0;116,0;3,2;0;5;20;11;10;2;2;40;0;920,4;4,1;79,3;29,2;8;41,8757598;-8,8388375;Caminha, Viana do Castelo, Portugal;352,6858309049128;82,88253154438746;3,9;411,5;1,1;98,9;68,0;13,0
2;2;6;Município;Norte;Melgaco;630;4505;2908;7,8;56,0;36,2;33,8;1,5;0;3;1;3;2;1;1;0;0;880,9;2,9;62,1;26,4;5;42,11290885;-8,258067279809108;Melgaço, Viana do Castelo, Portugal;385,3936523898649;110,97021956461158;4,5;464,8;1,8;155,8;168,0;12,0
3;3;7;Município;Norte;Moncao;1693;10844;5262;9,5;60,9;29,6;84,2;4,1;0;6;10;6;4;2;4;18;1;891,6;3,9;71,3;17,8;6;42,027944700000006;-8,417367176526596;Monção, Viana do Castelo, Portugal;373,70217738699057;98,89401010552307;4,2;442,6;1,5;133,6;178,0;13,0
4;4;8;Município;Norte;Paredes de Coura;942;5186;2376;11,1;61,0;27,9;61,5;1,8;0;3;9;5;1;1;1;31;1;954,2;5,9;67,3;24,9;3;41,9133898;-8,56396258432304;Paredes de Coura, Viana do Castelo, Portugal;359,26637863291734;84,93616957048665;4,0;424,6;1,3;115,6;213,0;18,0
5;5;9;Município;Norte;Ponte da Barca;1127;7259;2754;10,1;65,2;24,7;61,2;1,1;0;3;11;4;3;1;1;0;0;854,2;3,7;65,5;22,9;4;41,807647700000004;-8,416428;Ponte da Barca, Viana do Castelo, 4980-619, Portugal;349,61707049915293;74,88215093915612;3,8;408,8;1,1;99,8;227,0;18,0
6;6;10;Município;Norte;Ponte de Lima;4914;27130;9143;11,9;65,9;22,2;128,6;1,1;1;10;39;19;14;4;7;110;0;922,3;3,3;72,2;19,9;8;41,7675021;-8,5830992;Ponte de Lima, Viana do Castelo, 4990-062, Portugal;342,9993570363953;68,68142369736546;3,7;393,6;0,9;84,6;228,0;18,0
7;7;11;Município;Norte;Valenca;1468;8443;3331;11,1;63,8;25,2;113,0;6,4;0;3;29;9;7;1;1;4;0;973,4;6,6;83,2;34,3;9;42,0270455;-8,642883099999999;Valença, Viana do Castelo, 4930-014, Portugal;370,95586165139764;97,50700096613615;3,9;425,2;1,2;116,3;303,0;15,0
8;8;12;Município;Norte;Viana do Castelo;10050;54487;19700;11,9;64,7;23,4;264,0;2,9;2;27;52;43;37;10;12;121;5;1114,7;4,2;93,8;26,4;24;41,88032570000001;-8,523255293554344;Viana do Castelo, Portugal;356,11974453242124;81,50195246145461;3,7;387,0;0,9;74,5;309,0;13,0
9;9;13;Município;Norte;Vila Nova de Cerveira;1028;5775;2103;11,5;64,8;23,6;82,1;5,2;0;3;15;4;3;1;1;80;0;1086,1;4,5;85,9;30,5;1;41,9403912;-8,743606800000002;Vila Nova de Cerveira, Viana do Castelo, 4920-278, Portugal;360,50455162355314;88,54156254884235;3,9;415,1;1,1;102,6;316,0;18,0
10;10;15;Município;Norte;Amares;2219;12408;3483;12,3;68,5;19,2;221,0;2,0;1;4;38;7;6;1;2;0;0;932,6;4,9;71,9;24,0;3;41,6309663;-8,351059900000001;Amares, Braga, Portugal;331,40850392235774;57,7212917692733;3,7;378,7;0,9;69,7;31,0;18,0
11;11;16;Município;Norte;Barcelos;14398;80002;21489;12,4;69,0;18,5;305,9;1,3;4;26;180;81;64;11;17;61;1;948,9;3,5;80,1;19,6;26;41,5314496;-8,6192306;Barcelos, Braga, 4750-257, Portugal;316,61957374710937;42,43081546846664;3,5;377,5;0,8;62,0;48,0;16,0
12;12;17;Município;Norte;Braga;25798;125276;31728;14,1;68,5;17,4;996,7;6,4;6;38;253;101;75;22;27;210;28;1145,8;5,8;108,8;25,4;62;41,5510583;-8,4280045;Braga, Portugal;321,4338491770448;47,15290856156268;3,4;363,5;0,7;54,5;60,0;21,0
13;13;18;Município;Norte;Esposende;4739;23317;6119;13,9;68,2;17,9;358,2;2,4;2;8;78;23;19;4;6;16;0;962,4;3,3;85,2;25,0;10;41,531525099999996;-8,7792538;Esposende, Braga, Portugal;315,0186207565002;44,714795355401975;3,4;363,8;0,6;51,3;99,0;16,0
14;14;19;Município;Norte;Terras de Bouro;630;3991;1718;9,9;63,0;27,1;22,8;1,1;0;3;0;7;3;2;2;2;0;888,9;7,6;63,8;25,9;1;41,719029299999995;-8,3083026;Terras de Bouro, Braga, 4840-100, Portugal;341,71694815216864;68,12353689213506;3,9;391,5;1,2;82,5;292,0;18,0
15;15;20;Município;Norte;Vila Verde;6124;31679;9039;13,1;67,6;19,3;204,8;1,3;1;11;133;31;22;5;7;0;0;893,1;4,1;70,4;28,6;12;41,648824700000006;-8,4362569;Vila Verde, Braga, Portugal;331,9702812238652;57,349514973477504;3,6;378,4;0,9;69,4;326,0;15,0
16;16;22;Município;Norte;Cabeceiras de Basto;1916;10591;3070;12,3;68,0;19,7;64,4;0,9;0;4;24;10;7;2;3;0;0;809,3;6,7;66,5;21,8;5;41,51363920000001;-7,9878132;Cabeceiras de Basto, Braga, Portugal;326,5789396126248;65,99689778504744;3,8;403,0;1,0;93,5;62,0;14,0
17;17;23;Município;Norte;Fafe;5657;32317;9927;11,8;67,5;20,7;218,6;0,8;0;9;69;28;21;6;7;26;0;858,4;6,8;75,5;22,9;9;41,451406;-8,1708502;Fafe, Braga, Portugal;315,5784111696975;49,821578876617906;3,5;377,7;0,8;68,1;103,0;14,0
18;18;24;Município;Norte;Guimaraes;19290;104133;28543;12,7;68,5;18,8;630,6;1,6;2;35;175;84;60;16;18;113;12;971,9;6,4;91,3;19,0;42;41,4417677;-8,2955712;Guimarães, Braga, Portugal;311,93111595542047;41,845050513269726;3,4;364,2;0,7;55,2;123,0;20,0
19;19;25;Município;Norte;Mondim de Basto;654;4679;1581;9,5;67,7;22,9;40,2;1,0;0;2;7;4;2;1;1;0;0;799,7;6,2;61,0;22,3;2;41,4111525;-7,9524216;Mondim de Basto, Praça do Município, Lugar do Conde de Vila Real, Lugar do Souto, São Cristóvão de Mondim de Basto, Mondim de Basto, Vila Real, 4880-236, Portugal;316,71169930404506;62,34535368019402;3,7;387,0;1,1;84,8;180,0;14,0
20;20;26;Município;Norte;Povoa de Lanhoso;2579;14758;4153;12,0;68,7;19,3;159,6;1,4;1;5;21;11;5;2;4;13;0;855,7;5,6;71,4;24,3;7;41,5759516;-8,2699521;Póvoa de Lanhoso, Braga, Portugal;326,92279981397667;55,28993555245971;3,7;381,7;0,9;72,8;237,0;21,0
21;21;27;Município;Norte;Vieira do Minho;1180;7771;2864;10,0;65,8;24,2;54,6;1,2;0;4;6;5;4;1;1;0;0;811,9;8,4;67,3;25,6;4;41,6347151;-8,1425725;Vieira do Minho, Braga, Portugal;335,8450183831033;66,61813373888509;3,9;395,8;1,2;86,8;311,0;14,0
22;22;28;Município;Norte;Vila Nova de Famalicao;16764;90160;24560;12,7;68,6;18,7;652,2;1,7;2;29;225;72;53;11;14;76;2;1080,2;5,0;89,9;21,5;36;41,40852785;-8,492625151809944;Vila Nova de Famalicão, Braga, Portugal;304,8718778913462;30,42828722040024;3,3;349,9;0,6;40,9;317,0;19,0
23;23;29;Município;Norte;Vizela;3084;17002;3812;12,9;71,1;16,0;967,5;0,9;0;4;26;10;10;2;3;1;3;858,8;6,0;83,2;17,5;10;41,3767158;-8,3083651;Vizela, Braga, Portugal;304,6576594984977;35,767451020808885;3,5;365,2;0,7;51,2;337,0;20,0
24;24;31;Município;Norte;Arouca;2610;13541;4514;12,6;65,5;21,8;62,8;0,6;1;7;19;13;12;2;2;15;2;933,6;4,2;72,7;21,0;5;40,9289214;-8,2441746;Arouca, Aveiro, Portugal;258,1801207477939;39,37120106655053;3,2;307,5;1,0;60,5;39,0;29,0
25;25;32;Município;Norte;Espinho;3292;18358;7821;11,2;62,3;26,5;1399,4;2,8;2;10;24;11;6;5;7;22;1;1008,8;7,9;104,4;32,2;9;41,0083643;-8,639411099999998;Espinho, Aveiro, Portugal;258,95874372827734;15,852013140055439;2,8;299,9;0,4;21,4;98,0;27,0
26;26;33;Município;Norte;Gondomar;21048;111035;33760;12,7;67,0;20,4;1257,1;1,8;0;33;65;69;49;12;16;26;12;1016,6;6,8;84,9;20,7;29;41,1398199;-8,5326269;Gondomar, Porto, Portugal;274,9299199691493;6,6483427159616895;3,0;317,3;0,3;15,0;119,0;19,0
27;27;34;Município;Norte;Maia;19704;94309;25294;14,1;67,7;18,2;1679,6;2,6;0;26;40;65;39;10;10;100;10;1250,7;5,0;110,6;26,9;39;41,23734565;-8,629998173364326;Maia, Porto, Portugal;284,18429643231974;9,893475196597755;3,0;322,7;0,2;9,0;157,0;14,0
28;28;35;Município;Norte;Matosinhos;23213;113957;38287;13,2;64,9;21,8;2810,9;3,3;3;36;54;67;40;15;22;69;17;1337,7;6,7;130,6;28,5;54;41,180681400000005;-8,682199800000001;Matosinhos, Porto, Portugal;277,3096170015015;6,924431881088418;3,0;321,6;0,2;9,1;164,0;14,0
29;29;36;Município;Norte;Oliveira de Azemeis;7392;43822;14667;11,2;66,5;22,3;408,9;1,5;1;16;26;39;29;8;8;13;0;1145,8;4,1;83,4;19,1;13;40,839011799999994;-8,477780699999999;Oliveira de Azeméis, Aveiro, Portugal;243,2708246433716;36,246506903097384;2,6;279,4;0,6;52,1;202,0;20,0
30;30;37;Município;Norte;Paredes;12065;60497;13413;14,0;70,4;15,6;548,4;0,9;1;16;95;32;17;9;10;7;0;919,4;6,0;79,0;19,3;24;41,212363700000004;-8,347580212435714;Paredes, Porto, Portugal;286,1477676609402;23,163276134470955;3,1;335,6;0,5;33,4;212,0;16,0
31;31;38;Município;Norte;Porto;28508;126342;61897;13,2;58,3;28,6;5232,9;7,9;20;109;69;133;81;39;54;1688;13;1416,7;9,2;154,0;56,2;184;41,1494512;-8,6107884;Porto, Portugal;274,808922985862;0,0;2,9;313,9;0,0;0,0;233,0;15,0
32;32;39;Município;Norte;Povoa de Varzim;8596;42192;11997;13,7;67,2;19,1;763,7;3,5;3;15;75;35;22;6;8;45;1;1033,8;5,7;96,5;24,0;17;41,379418799999996;-8,7598689;Póvoa de Varzim, Porto, Portugal;298,3860428332166;28,43160284280625;3,3;347,6;0,5;35,1;238,0;14,0
33;33;40;Município;Norte;Santa Maria da Feira;17357;94146;27033;12,5;68,0;19,5;641,7;1,3;1;27;78;83;53;13;13;120;0;1089,7;5,5;85,8;24,0;32;40,9254179;-8,542668800000001;Santa Maria da Feira, Aveiro, Portugal;251,42447951198295;25,53078869717896;2,6;286,4;0,4;33,8;258,0;21,0
34;34;41;Município;Norte;Santo Tirso;7215;44798;15815;10,6;66,0;23,3;496,7;0,8;1;18;39;40;36;10;14;20;0;1008,3;6,2;85,5;21,0;17;41,344005700000004;-8,4772021;Santo Tirso, Porto, Portugal;298,07661451702177;24,335979515339407;3,2;341,1;0,5;32,1;263,0;19,0
35;35;42;Município;Norte;Sao Joao da Madeira;2688;14850;4472;12,2;67,5;20,3;2772,0;3,9;1;5;10;15;11;4;5;48;5;1074,2;6,2;130,6;27,2;16;40,8977193;-8,490675185118615;São João da Madeira, Aveiro, Portugal;249,36437140626626;29,72518408903446;2,8;288,4;0,6;44,1;265,0;19,0
36;36;43;Município;Norte;Trofa;4867;26367;7207;12,7;68,6;18,7;533,7;1,7;1;8;26;20;17;4;5;0;0;1113,1;5,2;94,6;19,5;10;41,336347100000005;-8,5585061;Trofa, Porto, Portugal;296,00677717222413;21,21403132521512;3,2;340,7;0,5;31,7;300,0;14,0
37;37;44;Município;Norte;Vale de Cambra;2232;13507;5529;10,5;63,5;26,0;144,3;1,8;0;6;8;14;10;2;2;0;0;1136,3;3,2;87,4;18,3;8;40,8498115;-8,3939142;Vale de Cambra, Aveiro, Portugal;246,19409292090984;37,95059476191093;2,8;289,4;0,7;54,7;302,0;20,0
38;38;45;Município;Norte;Valongo;13704;65839;18078;14,0;67,4;18,5;1299,5;1,7;3;18;34;47;34;10;13;31;0;1087,7;6,6;92,0;22,4;20;41,190979399999996;-8,4980511;Valongo, Porto, Portugal;281,067291890106;10,525016851993175;3,1;325,2;0,3;16,3;304,0;28,0
39;39;46;Município;Norte;Vila do Conde;11196;53299;15436;14,0;66,7;19,3;536,3;3,1;1;17;58;47;36;6;9;45;2;1155,0;5,4;95,9;27,7;16;41,3580981;-8,747563099999999;Vila do Conde, Porto, Portugal;296,14845041826766;25,852509470524826;3,3;340,0;0,5;27,5;331,0;21,0
40;40;47;Município;Norte;Vila Nova de Gaia;40180;199966;60099;13,4;66,6;20,0;1782,3;3,2;6;66;198;140;103;23;33;99;29;1157,3;8,1;100,6;27,3;63;41,130010299999995;-8,605841499999999;Vila Nova de Gaia, Porto, Portugal;272,75025740841494;2,198625271983192;2,9;307,6;0,2;10,4;319,0;15,0
41;41;49;Município;Norte;Boticas;427;2890;1645;8,6;58,2;33,2;15,4;1,0;0;2;0;3;1;1;1;0;0;876,0;4,5;60,7;21,4;2;41,6881921;-7,664534599999999;Boticas, Vila Real, Portugal;353,8679911251603;99,18563786200991;4,4;445,2;1,7;156,8;59,0;21,0
42;42;50;Município;Norte;Chaves;3886;24463;10923;9,9;62,3;27,8;66,4;1,7;1;12;22;19;17;4;4;81;1;958,2;6,1;79,1;25,1;12;41,739945299999995;-7,471477;Chaves, Vila Real, Portugal;365,28350621560617;115,60850063512528;4,3;441,5;1,6;153,1;85,0;21,0
43;43;51;Município;Norte;Montalegre;675;5039;3226;7,5;56,4;36,1;11,1;1,1;0;5;10;3;3;2;2;0;0;874,5;5,4;63,3;35,6;7;41,8232206;-7,792314200000001;Montalegre, Vila Real, Portugal;364,33518376138915;101,34948670657877;4,6;457,8;1,9;148,3;182,0;21,0
44;44;52;Município;Norte;Ribeira de Pena;624;3738;1641;10,4;62,3;27,3;27,6;1,7;0;2;6;4;2;2;2;0;0;1233,3;7,9;63,9;21,2;2;41,51965070000001;-7,793694199999999;Ribeira de Pena, Vila Real, Portugal;332,53937670343095;79,8031539150688;3,9;413,7;1,1;104,2;249,0;15,0
45;45;53;Município;Norte;Valpacos;1250;8242;5241;8,5;55,9;35,6;26,8;1,2;0;7;23;8;4;2;2;0;0;872,1;6,0;61,2;27,4;7;41,6067883;-7,310852499999999;Valpaços, Vila Real, Portugal;357,4905857892624;120,01859020108374;4,3;442,0;1,7;163,2;305,0;21,0
46;46;54;Município;Norte;Vila Pouca de Aguiar;994;7277;3639;8,3;61,1;30,6;27,2;1,5;0;4;21;10;3;2;2;1;0;906,6;6,2;65,5;22,4;5;41,5007614;-7,644286800000001;Vila Pouca de Aguiar, Vila Real, Portugal;335,1984997977937;89,83063719598803;3,9;402,5;1,2;117,4;322,0;15,0
47;47;56;Município;Norte;Amarante;6285;36362;10389;11,8;68,6;19,6;176,0;0,8;1;14;40;29;20;6;8;12;0;904,9;6,9;72,6;21,4;12;41,2699316;-8,0804563;Amarante, Amarante (São Gonçalo), Madalena, Cepelos e Gatão, Amarante, Porto, 4600-036, Portugal;298,4407363460257;46,446805973084686;3,4;361,3;0,7;59,2;30,0;26,0
48;48;57;Município;Norte;Baiao;2069;12512;4081;11,1;67,0;21,9;106,9;0,6;0;6;15;16;5;3;3;0;0;866,5;9,2;59,5;18,5;3;41,16930605;-7,977295769675544;Baião, Porto, Portugal;290,71330562347197;53,21600851933825;3,6;372,4;0,9;70,2;46,0;23,0
49;49;58;Município;Norte;Castelo de Paiva;1871;10492;3016;12,2;68,2;19,6;133,7;0,6;0;4;23;19;13;2;2;2;0;853,0;6,4;68,1;16,4;3;41,0410042;-8,271775;Castelo de Paiva, Aveiro, Portugal;269,4194017024103;30,923527445641536;3,3;334,2;0,8;55,0;77,0;18,0
50;50;59;Município;Norte;Celorico de Basto;2101;12932;3939;11,1;68,2;20,8;104,8;0,4;0;5;29;16;4;3;4;0;0;794,4;6,1;57,5;19,1;4;41,38793629999999;-8,0002089;Celorico de Basto, Braga, Portugal;312,9880611764312;57,61107071333164;3,7;380,9;1,0;78,7;83,0;26,0
51;51;60;Município;Norte;Cinfaes;2153;11712;4258;11,9;64,6;23,5;75,7;0,5;0;8;6;11;11;2;3;1;0;919,2;7,9;59,4;19,5;3;41,032655299999995;-8,108008158498851;Cinfães, Viseu, Portugal;272,720757615121;44,189674102784814;3,8;359,4;1,3;78,8;86,0;18,0
52;52;61;Município;Norte;Felgueiras;7190;39797;9289;12,8;70,7;16,5;486,2;0,7;1;12;22;37;29;6;8;15;0;892,8;6,2;80,3;22,7;15;41,364771600000005;-8,1989321;Felgueiras, Porto, Portugal;305,6788847647591;41,99085693941827;3,4;362,2;0,7;56,9;105,0;14,0
53;53;62;Município;Norte;Lousada;6518;33435;6716;14,0;71,6;14,4;485,7;0,8;0;9;48;29;27;7;8;0;0;860,6;5,1;72,6;19,4;7;41,2773789;-8,2826293;Lousada, Porto, Portugal;294,48627440549456;30,971357303478733;3,3;347,7;0,6;43,1;151,0;19,0
54;54;63;Município;Norte;Marco de Canaveses;6614;36149;8613;12,9;70,4;16,8;254,5;0,8;1;12;51;45;35;4;7;0;0;886,2;8,0;73,5;19,9;12;41,161654600000006;-8,12779201865893;Marco de Canaveses, Porto, Portugal;285,7776888027015;40,563896025895964;3,4;356,8;0,7;54,6;160,0;18,0
55;55;64;Município;Norte;Pacos de Ferreira;7805;40285;8549;13,8;71,1;15,1;797,8;0,6;0;11;85;21;16;6;9;0;5;886,7;5,1;80,5;19,6;12;41,289626399999996;-8,378398223742572;Paços de Ferreira, Porto, Portugal;293,8944046746228;24,94191453452721;3,2;342,1;0,5;36,8;209,0;19,0
56;56;65;Município;Norte;Penafiel;9465;48587;11545;13,6;69,8;16,6;327,9;0,7;1;15;85;43;37;5;8;0;3;975,4;5,8;79,7;19,2;11;41,2039194;-8,292240964931633;Penafiel, Porto, Portugal;286,3914084611195;27,405267562268424;3,2;340,7;0,5;38,5;216,0;19,0
57;57;66;Município;Norte;Resende;1146;6579;2355;11,4;65,3;23,4;81,7;0,5;0;3;4;4;3;1;1;0;0;803,2;8,4;61,7;21,8;3;41,0749527;-7,9506359083411375;Resende, Viseu, Portugal;281,7217523956072;56,061471179556996;3,7;352,8;1,3;91,9;246,0;18,0
58;58;68;Município;Norte;Alijo;1027;6267;3283;9,7;59,3;31,0;35,5;0,9;0;8;6;9;6;2;2;0;0;921,8;9,5;64,5;19,8;3;41,2768619;-7,4753795;Alijó, Vila Real, Portugal;318,57528500718075;96,2643166142307;4,0;409,2;1,4;130,3;16,0;15,0
59;59;69;Município;Norte;Armamar;505;3684;1554;8,8;64,2;27,1;49,0;0,9;0;2;5;2;1;1;1;0;0;876,6;7,0;63,1;14,8;1;41,107732299999995;-7,6916009999999995;Armamar, Viseu, Portugal;293,71680771542214;77,32406925617855;3,6;363,1;1,5;129,1;38,0;15,0
60;60;70;Município;Norte;Carrazeda de Ansiaes;547;3114;1978;9,7;55,2;35,1;20,2;2,2;0;2;4;2;1;1;1;0;1;860,9;6,7;62,1;23,9;2;41,24694415;-7,3033782535900595;Carrazeda de Ansiães, Bragança, 5140-080 CARRAZEDA DE ANSIÃES, Portugal;322,4870877518713;110,20113858105779;4,2;423,2;1,6;144,3;71,0;15,0
61;61;71;Município;Norte;Freixo de Espada a Cinta;344;1945;980;10,5;59,5;30,0;13,4;3,1;0;1;3;3;1;1;1;0;0;895,3;9,8;62,2;24,8;1;41,08410765;-6,825511111494767;Freixo de Espada à Cinta, Bragança, Portugal;329,6438276395772;150,1120709084027;4,5;419,4;2,6;235,5;112,0;18,0
62;62;72;Município;Norte;Lamego;2608;16431;5787;10,5;66,2;23,3;150,1;0,6;1;12;23;10;7;3;4;18;0;929,8;10,6;80,7;17,9;8;41,0717403;-7,814995487505706;Lamego, Viseu, Portugal;285,774843540854;67,39673734431184;3,5;348,8;1,5;128,4;143,0;15,0
63;63;73;Município;Norte;Mesao Frio;385;2645;922;9,7;66,9;23,3;148,3;0,4;0;3;2;1;1;1;1;0;0;886,0;10,2;68,6;20,8;2;41,1604717;-7,8883733;Mesão Frio, Vila Real, Portugal;292,4782014703885;60,65012862341246;3,8;384,7;1,1;82,6;170,0;19,0
64;64;74;Município;Norte;Moimenta da Beira;1058;6229;2438;10,9;64,0;25,1;44,2;1,4;0;3;19;5;3;1;2;2;0;836,0;11,1;66,0;26,1;3;40,984641100000005;-7,6185527;Moimenta da Beira, Viseu, Portugal;284,2247952551683;85,38159311108043;3,8;361,5;1,9;154,2;176,0;15,0
65;65;75;Município;Norte;Murca;516;3265;1650;9,5;60,1;30,4;28,7;0,7;0;2;5;2;1;1;1;0;0;894,5;10,7;61,6;23,9;2;41,42593475;-7,4655597122518715;Murça, Vila Real, Portugal;333,770696465969;100,72723449167594;3,9;402,7;1,3;123,9;190,0;15,0
66;66;76;Município;Norte;Penedono;236;1639;708;9,1;63,5;27,4;19,3;1,0;0;1;0;2;1;1;1;0;0;800,5;5,8;63,0;16,7;2;40,9899414;-7,394188499999999;Penedono, Viseu, Portugal;293,9995900787371;103,77315090275404;3,7;381,0;2,3;172,2;219,0;15,0
67;67;77;Município;Norte;Peso da Regua;1678;10315;3738;10,7;65,6;23,8;165,8;0,7;0;7;7;8;2;1;2;1;1;982,1;10,0;82,9;18,6;7;41,16370429999999;-7,7875821;Peso da Régua, Vila Real, Portugal;296,0576437162353;69,114320312798;3,5;358,3;1,2;115,8;222,0;15,0
68;68;78;Município;Norte;Sabrosa;574;3664;1663;9,7;62,1;28,2;37,6;0,6;0;2;7;5;1;1;1;0;0;946,1;7,2;62,6;20,5;2;41,2663847;-7,5757615000000005;Sabrosa, Vila Real, Portugal;313,8037806510502;87,77339844829353;3,8;382,1;1,2;110,4;251,0;12,0
69;69;79;Município;Norte;Santa Marta de Penaguiao;572;4167;1839;8,7;63,4;28,0;94,9;1,0;0;2;4;5;4;1;1;0;0;868,7;10,5;58,6;11,1;1;41,210044599999996;-7,784730000000001;Santa Marta de Penaguião, Vila Real, 5030-462, Portugal;300,8827140724383;69,63705668489052;3,6;364,2;1,4;105,8;259,0;15,0
70;70;80;Município;Norte;Sao Joao da Pesqueira;744;4653;1697;10,5;65,6;23,9;26,7;1,1;0;3;16;6;4;1;2;3;0;965,4;4,4;65,5;18,5;2;41,147872;-7,4038806;São João da Pesqueira, Viseu, Portugal;308,7615927560148;101,314255267758;4,1;403,2;2,1;157,2;266,0;15,0
71;71;81;Município;Norte;Sernancelhe;480;3484;1422;8,9;64,7;26,4;23,6;0,9;0;2;9;2;1;1;1;1;0;806,4;5,9;60,1;16,2;2;40,91710790000001;-7,512420422676983;Sernancelhe, Viseu, Portugal;281,9734417956197;95,90050366503093;3,8;378,9;2,1;177,4;275,0;21,0
72;72;82;Município;Norte;Tabuaco;470;4007;1551;7,8;66,5;25,7;45,0;0,6;0;3;1;1;1;1;1;0;0;966,3;9,1;55,9;11,1;2;41,1173591;-7,5662701;Tabuaço, Viseu, Portugal;299,3321062678121;87,77516771987653;4,0;379,7;1,8;141,9;288,0;15,0
73;73;83;Município;Norte;Tarouca;845;5316;1653;10,8;68,0;21,2;78,1;0,8;0;2;20;3;1;1;1;0;0;828,4;8,6;63,4;17,8;2;41,0176;-7,774995233633934;Tarouca, Viseu, 3610-130, Portugal;281,6785510929887;71,74069512735038;3,5;346,1;1,5;134,4;290,0;28,0
74;74;84;Município;Norte;Torre de Moncorvo;584;4305;2762;7,6;56,3;36,1;14,4;1,2;0;3;3;8;1;1;1;0;1;859,5;7,6;63,1;32,3;3;41,173949900000004;-7,0526159;Torre de Moncorvo, Bragança, Portugal;326,6352668414988;130,80276620516412;3,9;409,3;2,1;190,1;296,0;15,0
75;75;85;Município;Norte;Vila Nova de Foz Coa;560;3880;2024;8,7;60,0;31,3;16,2;2,9;0;4;3;3;2;1;1;0;1;947,3;5,4;68,3;33,7;2;41,0818397;-7,142413799999999;Vila Nova de Foz Coa, Guarda, 5150-592, Portugal;313,9417467189138;123,55267334684694;3,7;389,6;2,2;196,3;318,0;15,0
76;76;86;Município;Norte;Vila Real;6022;33153;10744;12,1;66,4;21,5;131,8;2,0;3;15;22;28;20;4;7;68;8;1090,7;7,4;98,3;22,4;15;41,522871200000004;-7,5465333355894675;Vila Real, Portugal;340,69057479088224;98,26420211994991;3,7;397,1;1,1;95,0;323,0;15,0
77;77;88;Município;Norte;Alfandega da Fe;382;2649;1491;8,4;58,6;33,0;14,0;3,6;0;2;8;4;1;1;1;0;0;866,8;7,3;69,5;20,8;2;41,3419743;-6,9611439;Alfândega da Fé, Bragança, Portugal;346,43321039251185;139,91747659335354;4,2;429,5;1,9;180,3;14,0;18,0
78;78;89;Município;Norte;Braganca;3821;21231;8473;11,4;63,3;25,3;28,6;6,7;1;9;30;18;14;4;6;18;0;1019,6;4,6;97,0;24,5;10;41,5084468;-6,773302360533067;Bragança, Portugal;370,51304285748915;158,9054557433625;4,7;486,0;2,1;207,2;61,0;16,0
79;79;90;Município;Norte;Macedo de Cavaleiros;1288;8561;4619;8,9;59,2;31,9;20,7;1,6;1;4;8;8;4;1;1;0;0;892,9;6,7;73,8;23,2;8;41,536212400000004;-6,956026700000001;Macedo de Cavaleiros, Bragança, Portugal;364,91367886689767;145,00484863701547;4,6;462,4;2,0;184,3;153,0;16,0
80;80;91;Município;Norte;Miranda do Douro;563;3952;2282;8,3;58,1;33,6;14,0;1,5;0;2;9;4;3;2;2;0;0;880,4;4,6;72,9;23,5;5;41,5000816;-6,271331;Miranda do Douro, Bragança, Portugal;394,6823535493808;199,6881601223353;4,9;507,4;2,7;258,2;173,0;18,0
81;81;92;Município;Norte;Mirandela;2291;13176;6205;10,6;60,8;28,6;32,9;2,5;2;7;20;11;6;2;4;0;1;957,8;7,0;83,6;26,5;9;41,489615;-7,1774792000000005;Mirandela, Bragança, Portugal;351,1428786500145;125,81156093575791;4,2;427,6;1,6;148,8;174,0;21,0
82;82;93;Município;Norte;Mogadouro;702;4666;2972;8,4;55,9;35,6;11,0;1,0;0;3;7;3;2;1;1;0;0;884,6;6,4;69,1;18,5;4;41,341870799999995;-6,7121674;Mogadouro, Bragança, Portugal;358,2584265613529;160,57121529459687;4,5;465,1;2,3;215,9;175,0;21,0
83;83;94;Município;Norte;Vila Flor;545;3632;1851;9,0;60,3;30,7;22,7;3,6;0;2;0;9;5;1;1;5;1;890,3;7,9;62,9;32,7;2;41,3067941;-7,1517712;Vila Flor, Bragança, Portugal;334,64252002311764;123,57066944605214;4,1;429,9;1,7;158,0;312,0;26,0
84;84;95;Município;Norte;Vimioso;427;2203;1361;10,7;55,2;34,1;8,3;1,4;0;3;4;2;1;1;1;4;0;854,5;5,7;63,3;27,1;3;41,584953399999996;-6,5291002;Vimioso, Bragança, Portugal;389,0977266251782;180,75343450356084;5,0;500,2;2,5;224,5;333,0;18,0
85;85;96;Município;Norte;Vinhais;526;3924;3228;6,9;51,1;42,0;11,1;0,6;0;4;6;5;5;1;1;12;0;810,2;6,6;59,9;20,2;3;41,833606200000006;-7,007716;Vinhais, Bragança, Portugal;391,45228407601127;153,92540991622468;4,8;477,7;2,2;198,8;334,0;16,0
86;86;99;Município;Centro;Alcobaca;6146;34855;12649;11,5;65,0;23,6;131,4;4,6;1;16;61;33;25;5;6;84;1;1007,1;3,8;87,4;21,7;19;39,551919899999994;-8,9763396;Alcobaça, Leiria, Portugal;94,73674247968052;180,0894350440078;1,4;120,4;2,0;213,0;8,0;16,0
87;87;100;Município;Centro;Alenquer;6628;29224;8533;14,9;65,8;19,2;145,9;7,1;0;13;22;19;20;4;4;18;0;1182,2;5,1;89,0;21,9;8;39,056633000000005;-9,0076057;Alenquer, Lisboa, Portugal;40,315232950362116;234,8289150094661;0,7;47,1;2,5;281,1;11,0;30,0
88;88;101;Município;Centro;Arruda dos Vinhos;2315;10254;3025;14,8;65,8;19,4;200,0;4,7;0;2;22;5;4;2;2;2;0;1096,2;3,1;93,7;23,5;4;38,98303;-9,077630000000001;Arruda dos Vinhos, Lisboa, Portugal;30,985184026680397;243,8240582351807;0,6;37,0;2,6;290,2;42,0;30,0
89;89;102;Município;Centro;Bombarral;1491;8049;3082;11,8;63,8;24,4;138,3;4,5;0;4;16;5;2;1;1;4;0;934,5;4,1;82,0;21,3;5;39,2667959;-9,1583288;Bombarral, Bombarral e Vale Covo, Bombarral, Leiria, 2540-052, Portugal;62,09110526560094;214,1801421197861;1,0;73,1;2,3;249,6;57,0;18,0
90;90;103;Município;Centro;Cadaval;1619;8478;3607;11,8;61,9;26,3;78,4;3,2;0;5;18;11;10;1;1;0;0;974,0;4,3;72,4;23,6;2;39,2395742;-9,062203105766496;Cadaval, Lisboa, Portugal;59,39125688994852;215,52407018239708;1,0;75,2;2,4;256,5;63,0;27,0
91;91;104;Município;Centro;Caldas da Rainha;6526;34097;11572;12,5;65,3;22,2;204,1;6,9;3;15;82;34;28;5;7;101;6;959,4;4,7;98,1;21,1;14;39,4072118;-9,1346004;Caldas da Rainha, Leiria, Portugal;77,65197129030541;198,5199039491831;1,1;92,6;2,1;230,6;64,0;18,0
92;92;105;Município;Centro;Lourinha;3606;17072;5342;13,9;65,6;20,5;176,8;6,1;0;6;27;15;15;3;3;0;0;964,9;4,3;79,8;24,0;8;39,24603310000001;-9,271338790806393;Lourinhã, Lisboa, Portugal;60,887503978112285;218,70612328174118;1,0;70,8;2,5;266,7;149,0;22,0
93;93;106;Município;Centro;Nazare;1948;8874;3391;13,7;62,4;23,9;172,4;6,9;1;6;22;6;5;1;2;0;0;917,6;5,4;86,4;29,0;7;39,6029108;-9,070157199999999;Nazaré, Leiria, Portugal;99,545045214481;176,10515915675487;1,4;121,7;2,0;214,3;192,0;16,0
94;94;107;Município;Centro;Obidos;1502;7554;2881;12,6;63,3;24,1;84,3;7,9;0;5;20;11;3;3;1;1;0;1008,1;3,7;75,9;21,4;2;39,361951399999995;-9,157153;Óbidos, Leiria, Portugal;72,64865752718285;203,85183089711404;1,1;85,2;2,3;240,7;;
95;95;108;Município;Centro;Peniche;3709;16767;6128;13,9;63,0;23,0;343,1;5,4;1;7;41;13;14;3;4;6;0;954,9;5,4;85,5;26,9;8;39,3566221;-9,3812853;Peniche, Leiria, Portugal;75,08630422691516;209,5871242748684;1,3;102,5;2,5;262,7;221,0;18,0
96;96;109;Município;Centro;Sobral de Monte Agraco;1530;7279;1934;14,2;67,8;18,0;206,2;3,5;0;3;8;5;3;1;1;9;1;970,4;3,1;97,0;35,5;3;39,01835;-9,151710000000001;Sobral de Monte Agraço, Lisboa, Portugal;34,505477169348225;241,08334085489815;0,8;45,5;2,7;285,8;284,0;22,0
97;97;110;Município;Centro;Torres Vedras;10763;51402;16741;13,6;65,1;21,2;193,8;6,2;3;25;83;51;43;9;11;129;5;1030,8;4,5;96,4;23,6;20;39,11014835;-9,276731117530927;Torres Vedras, Lisboa, Portugal;46,295870320717576;233,4414429688489;0,8;50,3;2,5;274,2;298,0;22,0
98;98;112;Município;Centro;Agueda;5471;29443;11298;11,8;63,7;24,4;137,8;2,9;1;14;50;28;14;5;6;39;1;1071,4;3,9;86,6;26,9;12;40,5785006;-8,4438017;Águeda, Aveiro, Portugal;216,04813537943107;64,94891263523873;2,6;256,5;0,9;78,6;1,0;27,0
99;99;113;Município;Centro;Albergaria-a-Velha;3089;15857;5275;12,8;65,5;21,8;152,5;2,3;0;9;31;22;15;4;4;32;1;1126,7;4,1;86,5;32,8;9;40,6906888;-8,4792205;Albergaria-a-Velha, Albergaria-a-Velha e Valmaior, Albergaria-a-Velha, Aveiro, 3850-053, Portugal;227,26581127810482;52,13816724846463;2,5;265,9;0,8;67,1;4,0;27,0
100;100;114;Município;Centro;Anadia;2852;16955;7505;10,4;62,1;27,5;126,1;2,6;1;13;20;20;13;4;4;11;1;1017,4;3,6;80,4;28,4;9;40,4426833;-8,435958099999999;Anadia, Aveiro, Portugal;201,80895112195176;79,86131168473224;2,3;230,8;1,1;94,2;32,0;27,0
101;101;115;Município;Centro;Aveiro;11058;52099;16172;13,9;65,7;20,4;401,5;6,9;2;21;62;53;34;9;12;190;8;1243,3;5,3;121,8;29,0;39;40,640496;-8,6537841;Aveiro, Portugal;218,5501265454706;56,636440415886135;2,5;255,3;0,8;76,0;43,0;18,0
102;102;116;Município;Centro;Estarreja;3258;17101;5718;12,5;65,6;21,9;241,1;2,4;1;6;28;15;8;3;3;79;2;1260,3;5,1;84,5;28,8;7;40,7523494;-8,5703455;Estarreja, Aveiro, Portugal;232,14131728098803;44,230601611464245;2,6;272,7;0,6;53,2;100,0;20,0
103;103;117;Município;Centro;Ilhavo;5292;25883;7756;13,6;66,5;19,9;529,8;3,5;0;8;62;25;19;3;4;106;0;1148,9;5,3;89,0;29,2;12;40,600110799999996;-8,666666699999999;Ílhavo, Aveiro, Portugal;213,93970697415668;61,186633524848396;2,5;249,7;0,9;82,0;137,0;18,0
104;104;118;Município;Centro;Murtosa;1400;6808;2135;13,5;65,8;20,6;141,5;2,0;0;4;17;6;4;2;2;0;0;924,0;3,5;71,5;25,8;4;40,7367759;-8,638451;Murtosa, Aveiro, Portugal;229,29285885346425;45,887911996775635;2,7;278,5;0,7;59,0;191,0;18,0
105;105;119;Município;Centro;Oliveira do Bairro;3411;15948;5139;13,9;65,1;21,0;280,5;3,9;1;7;39;17;9;2;2;31;0;1047,8;3,9;79,5;31,0;9;40,5138208;-8,4928163;Oliveira do Bairro, Aveiro, Portugal;208,002649473048;71,28509322741222;2,4;252,0;0,9;82,9;204,0;27,0
106;106;120;Município;Centro;Ovar;6770;36594;11011;12,4;67,3;20,3;368,1;1,8;1;16;24;33;21;5;8;32;1;1074,0;5,5;89,3;23,3;14;40,84584435;-8,648528873790857;Ovar, São João, Aveiro, Portugal;241,04623581957142;33,865911289316315;2,7;284,2;0,5;39,1;208,0;19,0
107;107;121;Município;Centro;Sever do Vouga;1126;7121;3066;9,9;63,0;27,1;87,1;1,8;0;5;10;11;10;1;1;6;0;1050,9;3,2;75,7;24,8;5;40,732462700000006;-8,371094;Sever do Vouga, Aveiro, Portugal;234,18501456205638;50,515564929517325;2,8;279,8;1,0;71,3;280,0;20,0
108;108;122;Município;Centro;Vagos;2975;14912;4974;13,0;65,2;21,8;138,6;2,7;0;7;22;12;10;2;4;0;0;1039,0;3,6;74,0;20,4;9;40,553891899999996;-8,680914999999999;Vagos, Aveiro, Portugal;208,67145436051345;66,40130142884492;2,4;239,4;0,9;87,1;301,0;18,0
109;109;124;Município;Centro;Arganil;1103;6836;3064;10,0;62,1;27,8;33,1;6,7;0;4;8;7;6;2;2;21;1;861,1;5,5;69,0;23,5;3;40,2202451;-7,98070022310108;Arganil, Coimbra, Portugal;195,1703569651576;116,1218654677935;2,6;258,9;1,7;161,0;37,0;34,0
110;110;125;Município;Centro;Cantanhede;3955;21617;9496;11,3;61,6;27,1;89,7;2,1;2;16;32;24;19;5;6;62;0;1083,3;4,0;81,2;29,0;11;40,36548870000001;-8,658317806596093;Cantanhede, Coimbra, Portugal;188,5873584091084;87,15088922519973;2,2;222,4;1,1;108,1;70,0;24,0
111;111;126;Município;Centro;Coimbra;17079;82438;35137;12,7;61,2;26,1;421,6;5,8;15;49;54;79;67;17;21;714;20;1182,4;5,3;126,3;24,3;54;40,2111931;-8,429463199999999;Coimbra, Portugal;177,66495459348874;105,31299313005488;2,0;204,4;1,3;126,0;87,0;31,0
112;112;127;Município;Centro;Condeixa-a-Nova;2447;11889;3478;13,7;66,7;19,5;128,5;2,1;1;5;18;8;6;1;2;5;0;999,8;3,2;79,0;13,8;6;40,115348100000006;-8,499882800000002;Condeixa-a-Nova, Coimbra, Portugal;165,61594232831303;115,21649971875266;1,9;194,2;1,2;128,2;88,0;31,0
113;113;128;Município;Centro;Figueira da Foz;6804;36879;15150;11,6;62,7;25,8;155,2;4,7;1;24;35;35;30;4;9;36;7;1194,7;6,5;95,1;25,8;17;40,1485808;-8,855655;Figueira da Foz, Coimbra, Portugal;161,78450472751916;113,05681629376276;2,0;197,3;1,4;139,8;108,0;17,0
114;114;129;Município;Centro;Gois;369;2287;1133;9,7;60,4;29,9;14,4;8,6;0;3;0;4;3;1;1;0;0;822,9;5,1;66,1;21,6;1;40,1546195;-8,109945399999999;Góis, Coimbra, Portugal;183,34678961735852;118,31528749361084;2,5;226,1;1,8;161,4;117,0;31,0
115;115;130;Município;Centro;Lousa;2343;11406;3469;13,6;66,2;20,1;124,4;3,2;0;4;9;7;4;2;2;8;0;1000,7;5,0;80,7;20,0;6;40,1284737;-8,231637793854821;Lousã, Coimbra, Portugal;175,93152028314827;117,82539721926901;2,2;209,9;1,6;157,7;150,0;20,0
116;116;131;Município;Centro;Mealhada;2350;12922;4692;11,8;64,7;23,5;180,4;1,8;1;7;19;12;6;2;3;14;1;1106,8;3,6;86,8;22,5;6;40,34759945;-8,447948477823166;Mealhada, Aveiro, Portugal;191,44893230332906;90,1005640053632;2,1;222,8;1,0;101,3;165,0;24,0
117;117;132;Município;Centro;Mira;1382;7347;3127;11,7;62,0;26,4;95,6;2,4;0;6;11;8;8;1;1;0;0;942,5;4,4;73,0;30,8;3;40,4457827;-8,748207344206268;Mira, Coimbra, Portugal;195,830993868584;78,99822131835123;2,2;226,4;1,0;98,8;171,0;24,0
118;118;133;Município;Centro;Miranda do Corvo;1285;8594;2832;10,1;67,6;22,3;100,6;3,0;0;3;4;9;8;2;2;6;1;881,4;3,4;67,9;16,2;2;40,094151700000005;-8,333655499999999;Miranda do Corvo, Coimbra, Portugal;168,7445039653123;119,51032585747473;2,0;198,6;1,4;146,4;172,0;31,0
119;119;134;Município;Centro;Montemor-o-Velho;3067;16012;6180;12,1;63,4;24,5;110,3;1,0;0;11;17;15;8;4;6;46;0;968,7;4,3;71,3;16,9;4;40,172610399999996;-8,684448300000001;Montemor-o-Velho, Coimbra, Portugal;167,22669236161326;108,65428258576179;2,0;201,4;1,3;134,5;184,0;17,0
120;120;135;Município;Centro;Mortagua;876;5212;2723;9,9;59,2;30,9;35,1;3,1;0;4;19;2;1;1;2;2;0;1037,8;2,9;77,2;21,5;4;40,397248600000005;-8,2287169;Mortágua, Viseu, Portugal;203,15758171685553;89,54284620390507;2,5;249,2;1,4;124,4;187,0;12,0
121;121;136;Município;Centro;Oliveira do Hospital;2108;12036;5107;11,0;62,5;26,5;82,1;4,3;1;8;6;22;12;4;5;0;0;902,5;5,4;75,4;19,4;6;40,3790757;-7,857184888594514;Oliveira do Hospital, Coimbra, Portugal;215,696340345354;106,61753268373245;2,9;279,4;2,0;181,5;205,0;21,0
122;122;137;Município;Centro;Pampilhosa da Serra;291;2213;1531;7,2;54,9;37,9;10,2;1,0;0;2;0;3;2;1;1;0;0;857,1;4,4;64,9;14,6;2;40,046014299999996;-7,951515;Pampilhosa da Serra, Coimbra, Portugal;180,27926213818503;134,64007671949466;2,6;229,8;2,3;214,2;211,0;31,0
123;123;138;Município;Centro;Penacova;1283;8413;3974;9,4;61,5;29,1;63,1;1,9;0;7;9;9;6;2;3;0;0;979,1;2,9;64,6;15,5;4;40,270208600000004;-8,2810743;Penacova, Coimbra, Portugal;188,4355536007536;101,53566182887144;2,2;229,1;1,3;131,2;215,0;31,0
124;124;139;Município;Centro;Penela;558;3243;1592;10,3;60,1;29,5;40,0;7,0;0;2;0;3;3;1;1;0;0;939,7;2,8;73,6;17,4;1;40,0607159;-8,3951912;Podentes, Penela, Coimbra, 3230-529, Portugal;163,22563802458512;122,26912634074549;1,9;187,8;1,5;149,6;220,0;31,0
125;125;140;Município;Centro;Soure;1791;10108;5189;10,5;59,2;30,4;64,5;1,6;0;9;7;15;11;2;2;0;0;1007,6;4,3;71,9;15,6;2;40,0595032;-8,626389699999999;Soure, Coimbra, Portugal;156,37963188825648;121,04186837895048;1,8;183,2;1,4;143,1;285,0;28,0
126;126;141;Município;Centro;Tabua;1263;7396;2735;11,1;64,9;24,0;57,0;6,1;0;5;3;10;3;2;2;13;1;919,1;5,8;69,6;25,1;2;40,3602946;-8,0284641;Tábua, Coimbra, Portugal;206,728959668138;100,48869188178908;2,6;260,0;1,7;162,2;287,0;12,0
127;127;142;Município;Centro;Vila Nova de Poiares;813;4800;1337;11,7;69,1;19,2;82,3;4,6;0;2;6;5;3;1;1;0;0;956,5;4,6;71,4;19,7;2;40,2106048;-8,2562951;Vila Nova de Poiares, Coimbra, Portugal;183,24517479851207;108,4783638339622;2,3;219,9;1,5;141,7;321,0;15,0
128;128;144;Município;Centro;Alvaiazere;598;3913;2083;9,1;59,3;31,6;41,1;7,9;1;4;8;2;2;1;1;25;0;887,9;3,3;67,6;24,4;3;39,8161333;-8,402046167354706;Alvaiázere, Leiria, Portugal;138,42221761404966;149,11086089856315;1,7;168,7;1,6;172,1;27,0;28,0
129;129;145;Município;Centro;Ansiao;1153;7581;3316;9,6;62,9;27,5;68,4;3,4;1;5;15;10;6;2;2;23;0;939,7;3,4;74,2;13,9;5;39,9113771;-8,435985699999998;Ansião, Leiria, Portugal;146,65386617683671;138,27714486048686;1,9;186,0;1,6;169,1;;
130;130;146;Município;Centro;Batalha;2125;10537;3404;13,2;65,6;21,2;155,3;3,7;0;5;19;12;10;1;1;6;0;1095,8;3,1;83,9;18,6;8;39,6579329;-8,824409800000002;Batalha, Leiria, Portugal;108,88199970886275;166,61141088324874;1,6;145,7;1,8;196,2;51,0;19,0
131;131;147;Município;Centro;Castanheira de Pera;198;1448;950;7,6;55,8;36,6;38,9;4,9;0;1;0;1;1;1;1;0;0;937,7;5,5;66,6;24,3;1;40,004726500000004;-8,2091368;Castanheira de Pera, Leiria, Portugal;164,69123226776938;131,58688971070734;2,0;193,8;1,8;178,2;75,0;31,0
132;132;148;Município;Centro;Figueiro dos Vinhos;529;3276;1763;9,5;58,8;31,7;32,1;5,3;0;5;7;5;3;1;1;5;0;871,6;5,2;66,0;23,9;2;39,9024537;-8,2753006;Figueiró dos Vinhos, Leiria, Portugal;152,0227942478803;141,36007191033409;1,9;184,3;1,6;168,7;110,0;28,0
133;133;149;Município;Centro;Leiria;16939;82714;26222;13,5;65,7;20,8;222,8;5,5;3;33;147;94;68;14;15;220;17;1125,7;4,0;103,2;22,4;54;39,7437902;-8,8071119;Leiria, Portugal;118,48706402973094;156,9750597581079;1,5;147,3;1,7;184,3;144,0;19,0
134;134;150;Município;Centro;Marinha Grande;5134;24747;8807;13,3;64,0;22,8;206,6;6,7;1;9;34;21;20;4;7;98;0;1335,3;6,2;94,9;33,2;10;39,7495952;-8,9298895;Marinha Grande, Leiria, Portugal;117,03426411367157;157,78366253746867;1,6;136,8;1,9;193,4;162,0;19,0
135;135;151;Município;Centro;Pedrogao Grande;319;2085;1010;9,3;61,1;29,6;26,5;16,8;0;1;4;3;2;1;1;8;0;883,8;5,3;70,2;31,4;2;39,9169584;-8,145564;Pedrógão Grande, Leiria, Portugal;159,14406177345856;142,42433340598063;2,0;193,3;1,7;177,7;214,0;31,0
136;136;152;Município;Centro;Pombal;5964;32736;12863;11,6;63,5;24,9;82,4;3,8;1;21;43;34;29;6;8;98;0;1025,0;3,4;82,7;21,1;13;39,9161851;-8,6279171;Pombal, Leiria, Portugal;141,15197900318046;136,9555941287996;1,7;170,2;1,5;159,8;224,0;31,0
137;137;153;Município;Centro;Porto de Mos;2834;15068;5398;12,2;64,7;23,2;89,0;3,5;0;9;20;19;16;3;3;0;0;1088,0;3,4;81,2;19,8;9;39,6023941;-8,818527099999999;Porto de Mós, Leiria, Portugal;103,05648138704564;172,69145215821842;1,5;118,5;1,9;204,5;236,0;16,0
138;138;155;Município;Centro;Aguiar da Beira;393;3053;1198;8,5;65,7;25,8;22,5;0,9;0;2;8;4;4;1;1;0;0;818,6;4,5;68,8;16,8;4;40,81718;-7,54312;Aguiar da Beira, Aguiar da Beira e Coruche, Aguiar da Beira, Guarda, 3570-013, Portugal;271,0929832507653;97,13214548710329;3,5;335,6;1,9;165,4;2,0;21,0
139;139;156;Município;Centro;Carregal do Sal;1035;5789;2469;11,1;62,3;26,6;79,5;2,0;0;4;6;2;2;2;3;0;0;984,1;4,6;72,7;28,0;3;40,43340739999999;-8,0030203;Carregal do Sal, Viseu, Portugal;214,92607603629108;94,62555994825821;2,6;263,2;1,7;154,5;72,0;21,0
140;140;157;Município;Centro;Castro Daire;1410;8360;4050;10,2;60,5;29,3;36,5;1,2;0;5;18;13;12;2;3;6;0;877,0;6,6;66,0;17,2;6;40,9014091;-7,9311761;Castro Daire, Viseu, Portugal;264,5282387914053;63,44854437853289;3,2;322,2;1,6;151,6;79,0;21,0
141;141;158;Município;Centro;Mangualde;2089;11607;4829;11,3;62,7;26,1;84,5;2,1;0;8;17;15;7;1;2;23;0;1105,3;5,7;83,4;25,7;8;40,60354;-7,7656;Mangualde, Viseu, Portugal;241,13078319013783;93,5449271984976;3,0;292,1;1,4;142,3;158,0;21,0
142;142;159;Município;Centro;Nelas;1507;7912;3561;11,6;61,0;27,4;103,2;1,9;0;6;15;14;10;2;3;0;0;1098,2;5,7;79,2;25,2;5;40,5192174;-7,859591344807467;Nelas, Viseu, Portugal;229,0681936899294;94,40684393116899;2,8;280,9;1,5;140,5;193,0;21,0
143;143;160;Município;Centro;Oliveira de Frades;1245;6475;2241;12,5;65,0;22,5;68,5;3,4;0;3;22;10;3;1;1;7;0;1155,7;5,8;78,5;24,7;5;40,7322108;-8,173905900000001;Oliveira de Frades, Viseu, Portugal;239,4462122965659;59,16487063319629;2,8;297,2;1,1;98,4;203,0;12,0
144;144;161;Município;Centro;Penalva do Castelo;686;4300;2145;9,6;60,3;30,1;53,1;0,9;0;2;10;4;4;1;1;6;0;906,7;5,5;60,4;19,4;2;40,67436;-7,6999699999999995;Penalva do Castelo, Viseu, Portugal;250,71387400440338;93,12102389281769;3,3;323,4;1,7;158,4;217,0;21,0
145;145;162;Município;Centro;Santa Comba Dao;1115;6356;2979;10,7;60,8;28,5;93,3;2,5;0;4;8;4;3;1;1;8;0;923,5;4,8;73,9;23,4;2;40,39920165;-8,111687962553718;Santa Comba Dão, Viseu, Portugal;207,42396295522224;93,36285941206378;2,5;255,5;1,6;133,4;254,0;12,0
146;146;163;Município;Centro;Sao Pedro do Sul;1520;9402;4491;9,9;61,0;29,1;44,2;1,4;0;9;6;11;9;2;3;1;0;837,6;6,3;69,5;15,8;3;40,83283595;-8,102562296809872;São Pedro do Sul, Viseu, Portugal;252,0277943501207;55,3640523327871;3,1;311,0;1,3;112,2;268,0;21,0
147;147;164;Município;Centro;Satao;1163;7541;2905;10,0;65,0;25,0;57,5;0,8;0;3;16;8;5;2;3;1;1;815,0;5,3;62,7;12,0;3;40,7426067;-7,733674099999999;Sátão, Viseu, Portugal;255,94138784361957;86,57934620076936;3,3;316,3;1,6;146,1;272,0;21,0
148;148;165;Município;Centro;Tondela;2539;15902;7917;9,6;60,3;30,0;71,0;1,4;1;13;22;24;12;4;6;73;0;1104,5;3,8;76,5;21,9;9;40,54433475;-8,143581027565434;Tondela, Viseu, Portugal;221,0129482824848;77,89695198409939;2,6;266,5;1,4;127,3;295,0;12,0
149;149;166;Município;Centro;Vila Nova de Paiva;474;2969;1245;10,1;63,3;26,5;26,7;1,1;0;1;5;4;3;1;2;0;0;833,7;5,6;64,6;17,3;2;40,8562614;-7,756209800375235;Vila Nova de Paiva, Viseu, Portugal;266,2403805563284;78,92560033768343;3,4;327,3;1,8;157,0;320,0;21,0
150;150;167;Município;Centro;Viseu;13007;63628;21042;13,3;65,1;21,5;192,6;3,1;3;26;102;70;57;10;13;427;13;1036,9;5,1;95,7;22,8;36;40,6574713;-7,913866400000001;Viseu, Portugal;240,54277443680283;80,2066586837106;3,0;300,6;1,3;130,0;335,0;21,0
151;151;168;Município;Centro;Vouzela;926;5886;2810;9,6;61,2;29,2;49,7;1,2;0;4;5;8;9;2;3;13;0;937,2;5,5;65,1;22,6;2;40,6754515;-8,148433712602197;Vouzela, Viseu, Portugal;234,33290583074202;65,48312531368515;2,9;303,6;1,1;104,7;338,0;12,0
152;152;170;Município;Centro;Castelo Branco;6199;32238;13559;11,9;62,0;26,1;36,2;3,8;1;18;52;28;23;6;9;61;4;994,6;4,9;96,5;27,3;18;39,97675825;-7,446059929966704;Castelo Branco, Portugal;202,6950366932525;163,35920093204638;2,2;225,3;2,6;259,3;76,0;27,0
153;153;171;Município;Centro;Idanha-a-Nova;748;4123;3114;9,4;51,6;39,0;5,6;6,2;0;8;13;9;5;1;2;2;0;906,7;7,7;68,8;35,8;1;39,87697385;-7,114231633979988;Idanha-a-Nova, Castelo Branco, Portugal;217,44964916773446;189,87032317316482;2,7;264,6;3,0;306,6;125,0;27,0
154;154;172;Município;Centro;Oleiros;268;2778;1961;5,4;55,5;39,2;10,6;2,5;0;3;5;4;3;1;1;0;0;945,9;2,7;65,8;15,6;2;39,93491575;-7,887621790195889;Oleiros, Castelo Branco, Portugal;173,66691305514303;148,1286153344044;2,4;214,2;2,1;214,5;200,0;16,0
155;155;173;Município;Centro;Penamacor;288;2609;1844;6,1;55,0;38,9;8,4;8,5;0;5;2;2;1;1;1;0;0;908,4;5,5;60,0;24,5;1;40,1868914;-7,153642082892232;Penamacor, Castelo Branco, Portugal;236,84785994721335;163,10936357111638;2,9;276,0;2,8;265,1;218,0;22,0
156;156;174;Município;Centro;Proenca-a-Nova;579;4393;2299;8,0;60,4;31,6;18,4;3,0;0;2;7;3;2;1;1;1;1;946,8;3,6;71,6;15,0;4;39,71812685;-7,861566370814495;Proença-a-Nova, Castelo Branco, Portugal;157,18622672476613;171,17884992131778;2,1;216,2;2,1;210,5;240,0;27,0
157;157;175;Município;Centro;Vila Velha de Rodao;191;1757;1196;6,1;55,9;38,1;9,5;5,1;0;1;7;1;1;1;1;0;1;1251,3;3,8;74,2;29,9;1;39,6545418;-7,6723114;Vila Velha de Ródão, Castelo Branco, 6030-210, Portugal;164,48305597400034;184,1229468112882;2,0;207,3;2,4;241,3;325,0;27,0
158;158;177;Município;Centro;Abrantes;3725;21152;10168;10,6;60,4;29,0;49,0;1,6;1;15;11;20;14;4;5;3;0;1109,4;7,2;88,6;19,2;9;39,4631905;-8,1973618;Abrantes, Santarém, Portugal;116,77820484785828;190,51245996394854;1,5;144,6;2,2;235,8;0,0;34,0
159;159;178;Município;Centro;Alcanena;1538;7900;3402;12,0;61,5;26,5;100,8;3,2;1;5;2;13;10;2;2;28;0;1096,0;3,2;85,1;23,5;4;39,480618299999996;-8,682343283588914;Alcanena, Santarém, Portugal;94,37246055367304;185,40814888074246;1,2;110,2;2,0;219,1;7,0;36,0
160;160;179;Município;Centro;Constancia;508;2654;879;12,6;65,7;21,8;50,3;1,2;1;3;2;3;3;1;1;0;0;1262,8;5,1;81,6;16,8;1;39,4750609;-8,338189999999999;Constância, Santarém, Portugal;109,6692533053695;187,36345609869588;1,4;130,7;2,1;221,9;89,0;34,0
161;161;180;Município;Centro;Entroncamento;3070;14495;4176;14,1;66,7;19,2;1583,4;3,5;1;4;11;8;6;2;4;7;0;1151,0;3,6;96,5;22,6;7;39,4652196;-8,468213699999998;Entroncamento, Santarém, Portugal;102,05616742727905;187,41025999868683;1,3;119,7;2,0;216,9;97,0;36,0
162;162;181;Município;Centro;Ferreira do Zezere;804;4998;2155;10,1;62,8;27,1;41,8;4,9;0;4;4;3;2;1;1;10;0;960,9;2,6;69,2;17,6;2;39,693430799999994;-8,290554499999999;Ferreira do Zêzere, Santarém, Portugal;131,58775379927076;163,94834080827428;1,6;151,7;1,8;186,5;107,0;32,0
163;163;182;Município;Centro;Macao;457;3575;2199;7,3;57,4;35,3;15,6;2,1;0;5;3;3;2;1;1;0;0;912,5;4,7;70,6;19,7;2;39,554608;-7,9957035;Mação, Santarém, Portugal;136,27147017811816;184,64031441022968;1,9;175,6;2,5;225,1;152,0;34,0
164;164;183;Município;Centro;Ourem;5267;29037;9903;11,9;65,7;22,4;106,1;5,3;0;20;53;28;25;7;7;29;0;1029,4;2,9;84,4;21,2;22;39,65679;-8,57963;Ourém, Santarém, Portugal;115,83060576218479;165,76978141683819;1,6;137,7;2,0;205,7;206,0;28,0
165;165;184;Município;Centro;Sardoal;352;2425;953;9,4;65,0;25,5;40,5;1,5;0;2;4;2;1;1;1;0;1;843,8;5,8;67,8;28,4;1;39,53347;-8,16034;Sardoal, Santarém, Portugal;124,62150047731949;183,4759620156576;1,6;151,2;2,3;242,4;271,0;34,0
166;166;185;Município;Centro;Serta;1523;8831;4218;10,4;60,6;28,9;32,6;3,6;0;4;5;10;8;2;2;0;1;898,2;5,4;75,7;24,2;8;39,805214500000005;-8,096441;Sertã, Castelo Branco, Portugal;151,34236656832843;155,50965697224285;2,1;189,8;1,9;194,7;277,0;32,0
167;167;186;Município;Centro;Tomar;3785;22816;10161;10,3;62,1;27,6;104,7;3,1;1;13;16;23;20;3;5;26;1;1025,4;4,1;86,6;25,8;8;39,6036596;-8,4150492;Tomar, Santarém, Portugal;117,39766622814031;172,4504788660394;1,5;139,3;1,9;199,6;294,0;32,0
168;168;187;Município;Centro;Torres Novas;4258;21789;8970;12,2;62,2;25,6;129,7;1,8;1;12;19;19;11;4;5;47;3;1099,7;3,5;95,8;24,2;11;39,479620000000004;-8,53955;Torres Novas, Santarém, Portugal;100,0532170893053;185,5180468240108;1,3;114,7;2,0;223,5;297,0;36,0
169;169;188;Município;Centro;Vila de Rei;236;2094;1001;7,1;62,9;30,1;17,4;2,4;0;1;4;2;1;1;1;0;0;835,4;3,6;67,3;22,8;1;39,67598220000001;-8,1442213;Vila de Rei, Castelo Branco, Portugal;137,4921959197323;168,3411774868387;1,8;169,8;2,1;204,9;329,0;30,0
170;170;189;Município;Centro;Vila Nova da Barquinha;904;4685;1916;12,0;62,4;25,5;151,5;1,4;0;3;17;6;2;1;1;1;0;864,6;3,4;72,9;20,3;1;39,4840045;-8,429939692509734;Vila Nova da Barquinha, Santarém, Portugal;105,65754903760656;185,5700495110844;1,4;125,8;2,1;216,8;315,0;36,0
171;171;191;Município;Centro;Almeida;342;3386;2081;5,9;58,3;35,8;11,2;1,7;0;2;2;2;3;2;2;0;0;835,4;4,4;75,0;34,8;3;40,7263333;-6,906751299999999;Almeida, Guarda, Portugal;294,57393055522994;150,99781970432767;3,4;355,5;2,3;236,6;20,0;14,0
172;172;192;Município;Centro;Belmonte;643;3992;1756;10,1;62,5;27,5;53,8;1,1;0;2;4;7;2;1;1;27;0;856,0;5,6;71,7;34,3;2;40,32961285;-7,332043174506962;Belmonte, Castelo Branco, Portugal;237,69239205125825;141,2584711473509;2,8;291,2;2,2;226,8;55,0;26,0
173;173;193;Município;Centro;Celorico da Beira;661;4173;2098;9,5;60,2;30,3;28,0;2,0;0;4;3;5;6;1;1;1;0;979,2;5,5;66,9;25,8;2;40,6358841;-7,392844599999999;Celorico da Beira, Guarda, Portugal;261,16439277049074;117,41749755150336;3,2;342,9;1,7;176,0;82,0;14,0
174;174;194;Município;Centro;Covilha;5009;28472;13298;10,7;60,9;28,4;84,2;3,5;1;22;21;38;29;6;9;69;4;987,9;5,9;86,6;26,4;17;40,2805658;-7,504321099999999;Covilhã, Castelo Branco, 6200-065, Portugal;224,06049702138992;134,3511068337547;2,8;278,4;2,5;249,6;92,0;22,0
175;175;195;Município;Centro;Figueira de Castelo Rodrigo;594;3271;1721;10,6;58,6;30,8;11,0;0,8;0;3;4;5;4;1;1;0;0;855,2;5,8;67,5;25,8;3;40,89751;-6,962789999999999;Figueira de Castelo Rodrigo, Guarda, Portugal;306,19345752581495;141,39882533755969;3,7;377,4;2,6;258,6;109,0;14,0
176;176;196;Município;Centro;Fornos de Algodres;421;2909;1204;9,3;64,2;26,5;34,5;1,6;0;2;9;4;2;1;1;3;0;807,9;4,8;59,9;19,2;1;40,6579679;-7,488088682276229;Fornos de Algodres, Guarda, Portugal;258,6089838768881;109,21117476856764;3,2;328,4;1,6;163,4;111,0;21,0
177;177;197;Município;Centro;Fundao;2742;16051;7688;10,4;60,6;29,0;37,8;4,0;1;10;24;22;23;4;6;245;0;955,0;5,1;78,9;36,5;8;40,12503595;-7,511101717217624;Fundão, Castelo Branco, Portugal;210,5963765639558;146,9497304216278;2,5;262,4;2,5;259,3;115,0;22,0
178;178;198;Município;Centro;Gouveia;1104;7115;4156;8,9;57,5;33,6;41,2;1,8;0;7;14;12;8;2;3;14;0;894,6;6,0;67,0;25,5;4;40,49773625;-7,595845584129107;Gouveia, Guarda, Portugal;238,75222464342042;112,1083383804928;3,4;312,4;1,9;168,5;120,0;20,0
179;179;199;Município;Centro;Guarda;4467;25372;9147;11,5;65,1;23,5;54,7;2,5;2;13;0;27;25;5;5;13;5;1100,5;4,9;97,1;19,9;14;40,70458035;-7,195120796863067;Guarda, Portugal;277,2462519433504;129,0662300437058;3,0;314,3;2,0;201,6;122,0;14,0
180;180;200;Município;Centro;Manteigas;233;1829;935;7,8;61,0;31,2;24,6;0,9;0;2;5;2;1;1;1;16;0;852,8;4,6;67,1;15,7;1;40,400561700000004;-7,5408682;Manteigas, Guarda, 6260-109, Portugal;232,6551606311908;122,77644705209364;3,3;315,2;2,6;196,5;159,0;21,0
181;181;201;Município;Centro;Meda;385;2543;1654;8,4;55,5;36,1;16,0;1,0;0;1;0;2;1;1;1;0;0;888,7;2,9;63,0;25,3;2;40,93039395;-7,2517583552501845;Mêda, Guarda, 6430-362, Portugal;294,8444541865144;116,83266991918266;3,6;376,7;2,2;225,4;166,0;14,0
182;182;202;Município;Centro;Pinhel;703;4870;2899;8,3;57,5;34,2;17,5;0,9;0;5;3;4;5;1;1;15;0;855,3;3,3;64,0;29,7;2;40,7794281;-7,103199344011852;Pinhel, Guarda, 6400-358 PINHEL, Portugal;288,56998122277787;133,3941345156743;3,3;346,1;2,2;215,3;223,0;14,0
183;183;203;Município;Centro;Sabugal;822;5861;3873;7,8;55,5;36,7;12,8;1,1;0;9;3;6;7;2;2;2;0;883,7;4,5;64,4;19,0;7;40,40349495;-7,050143753400468;Sabugal, Guarda, Portugal;259,986844753363;155,6225138995643;3,3;322,2;2,5;233,9;252,0;14,0
184;184;204;Município;Centro;Seia;2184;13497;6520;9,8;60,8;29,4;51,0;2,0;1;10;5;17;7;3;5;27;1;915,1;4,8;76,6;27,3;7;40,420099799999996;-7,702805400000001;Seia, Guarda, 6270-496, Portugal;226,542235249967;111,50628249508688;3,1;293,6;2,0;163,3;273,0;21,0
185;185;205;Município;Centro;Trancoso;744;5381;2762;8,4;60,5;31,1;24,6;0,9;0;6;6;6;5;2;3;0;1;946,2;3,1;68,0;19,1;6;40,7976691;-7,341184703780763;Trancoso, Guarda, Portugal;278,4075421504547;113,77678888103573;3,4;352,3;2,0;201,0;299,0;18,0
186;186;208;Município;Área Metropolitana de Lisboa;Alcochete;3206;13338;3317;16,1;67,2;16,7;154,7;6,3;0;5;18;10;7;2;1;11;0;2011,5;3,9;119,8;31,0;6;38,7560499;-8,9608437;Alcochete, Setúbal, Portugal;16,195025187973098;267,4258174876693;0,6;36,0;3,0;330,8;9,0;28,0
187;187;209;Município;Área Metropolitana de Lisboa;Almada;25271;104048;39533;15,0;61,6;23,4;2411,8;9,2;1;47;229;96;51;17;22;321;14;1160,8;6,1;109,2;34,0;53;38,676430200000006;-9,1649974;Almada, Almada, Cova da Piedade, Pragal e Cacilhas, Almada, Setúbal, 2800-128, Portugal;4,265673667298392;278,6437325289732;0,3;12,5;3,0;325,2;19,0;30,0
188;188;210;Município;Área Metropolitana de Lisboa;Amadora;29105;112117;43591;15,7;60,7;23,6;7771,7;12,7;3;41;7;77;45;17;18;102;11;1425,5;5,4;100,1;27,1;37;38,7595162;-9,223677009460122;Amadora, Lisboa, Portugal;9,505716124807089;270,47984883972;0,3;12,6;2,8;317,3;29,0;33,0
189;189;211;Município;Área Metropolitana de Lisboa;Barreiro;10376;44412;20152;13,8;59,3;26,9;2059,3;6,9;1;23;21;39;25;8;10;84;5;1107,8;7,8;100,3;39,3;13;38,6340657;-9,047856727251068;Barreiro, Setúbal, Portugal;11,249063854082916;281,77911621823984;0,7;40,9;3,2;346,9;50,0;28,0
190;190;212;Município;Área Metropolitana de Lisboa;Cascais;33385;136060;44330;15,6;63,6;20,7;2194,8;15,4;6;42;112;113;83;31;27;243;15;1215,5;5,3;118,0;25,2;70;38,72240025;-9,396909171649877;Cascais, Lisboa, Portugal;22,698832895424943;277,73050565653176;0,5;30,9;3,1;342,4;74,0;18,0
191;191;213;Município;Área Metropolitana de Lisboa;Lisboa;85452;280124;143990;16,8;55,0;28,3;5093,1;21,0;33;256;10;283;189;88;102;3914;67;1669,4;7,2;205,6;49,7;460;38,707750700000005;-9,1365919;Lisboa, Portugal;0,0;274,808922985862;0,0;0,0;3,0;313,4;146,0;27,0
192;192;214;Município;Área Metropolitana de Lisboa;Loures;33897;133119;47313;15,8;62,1;22,1;1281,6;9,8;2;53;96;95;63;16;22;76;7;1218,6;5,4;101,0;25,4;43;38,8308741;-9,168451199999998;Loures, Lisboa, Portugal;13,945685379609305;261,8087295865717;0,4;17,2;2,7;308,0;148,0;27,0
193;193;215;Município;Área Metropolitana de Lisboa;Mafra;13903;57284;13869;16,3;67,3;16,3;291,6;6,2;0;15;175;37;20;7;7;14;0;1022,0;3,3;98,3;22,9;22;38,9369782;-9,3282374;Mafra, Lisboa, Portugal;30,406233504397303;253,17504152540351;0,7;40,1;2,8;306,2;156,0;20,0
194;194;216;Município;Área Metropolitana de Lisboa;Moita;9886;40560;13837;15,4;63,1;21,5;1163,3;6,2;0;16;32;27;22;6;7;29;1;985,1;7,4;83,4;34,3;13;38,6523995;-8,9935314;Moita, Setúbal, Portugal;13,882300919665274;279,17893967121444;0,6;40,4;3,0;334,0;177,0;28,0
195;195;217;Município;Área Metropolitana de Lisboa;Montijo;9774;38190;9890;16,9;66,0;17,1;165,9;9,0;1;14;63;30;22;5;6;20;6;1027,6;5,9;99,3;33,7;11;38,74502535;-8,628858514902682;Montijo, Setúbal, Portugal;44,34542473002379;266,97663993232106;0,6;33,1;3,0;328,0;185,0;28,0
196;196;218;Município;Área Metropolitana de Lisboa;Odivelas;27015;101093;34281;16,6;62,3;21,1;6118,6;12,3;0;36;174;66;38;10;15;107;6;987,2;4,6;88,8;18,9;31;38,7953835;-9,187822102643631;Odivelas, Lisboa, Portugal;10,699064695212892;265,9875895343795;0,4;17,6;2,8;313,1;197,0;27,0
197;197;219;Município;Área Metropolitana de Lisboa;Oeiras;26991;106520;44091;15,2;60,0;24,8;3871,0;7,6;3;50;24;81;45;16;17;225;20;1748,2;4,5;153,1;22,5;69;38,7124971;-9,271300382407272;Oeiras, Lisboa, Portugal;11,728615992360591;276,4082319021488;0,4;19,1;3,0;330,6;198,0;24,0
198;198;220;Município;Área Metropolitana de Lisboa;Palmela;9587;42061;12528;14,9;65,5;19,5;138,0;4,9;0;15;62;31;25;7;7;95;0;1408,9;4,7;100,8;32,7;14;38,569601;-8,9011653;Palmela, Setúbal, 2950-264 PALMELA, Portugal;25,599465762299193;287,52092302475177;0,6;43,1;3,2;347,5;210,0;28,0
199;199;221;Município;Área Metropolitana de Lisboa;Seixal;25805;107794;34355;15,4;64,2;20,5;1759,6;6,9;0;35;355;82;44;10;15;64;8;1271,7;5,4;91,2;23,4;28;38,642224600000006;-9,1072662;Seixal, Seixal, Arrentela e Aldeia de Paio Pires, Seixal, Setúbal, 2840-520, Portugal;7,708674352009371;281,60198293722414;0,5;24,4;3,1;337,2;274,0;22,0
200;200;222;Município;Área Metropolitana de Lisboa;Sesimbra;8194;34728;8987;15,8;66,9;17,3;265,2;5,6;0;8;79;24;15;5;6;68;1;1041,6;4,2;91,1;38,6;12;38,443675899999995;-9,099665;Pelourinho de Sesimbra, Largo do Município, Santiago, Sesimbra, Setúbal, 2970-634, Portugal;29,4903411062471;303,326399686444;0,7;39,3;3,4;352,0;278,0;28,0
201;201;223;Município;Área Metropolitana de Lisboa;Setubal;17461;71308;25933;15,2;62,2;22,6;498,0;7,6;4;30;181;58;40;10;11;212;10;1208,6;6,9;108,0;34,3;31;38,5241783;-8,8932341;Setúbal, Portugal;29,40200652688134;292,4884344147848;0,7;48,9;3,2;349,7;279,0;28,0
202;202;224;Município;Área Metropolitana de Lisboa;Sintra;62583;259964;69598;16,0;66,3;17,7;1228,4;10,5;4;69;176;182;110;29;36;111;15;1220,7;5,0;93,6;26,3;81;38,8355605;-9,352225245746453;Sintra, Lisboa, Portugal;23,504762561607503;264,6065283952276;0,5;28,7;3,0;331,8;283,0;22,0
203;203;225;Município;Área Metropolitana de Lisboa;Vila Franca de Xira;22114;93324;26522;15,6;65,7;18,7;446,1;6,1;1;28;22;52;38;11;10;85;0;1245,6;4,8;97,4;22,3;34;38,91236840000001;-8,988824041991643;Vila Franca de Xira, Lisboa, Portugal;26,090249649262184;250,48127787137886;0,6;36,4;2,5;283,2;313,0;30,0
204;204;228;Município;Alentejo;Alcacer do Sal;1280;6766;3557;11,0;58,3;30,7;7,7;4,2;0;5;16;6;7;2;2;9;1;989,7;4,1;84,5;38,1;3;38,3659893;-8,531313383677642;Alcácer do Sal, Setúbal, Portugal;64,99424491902661;309,12282559456776;1,0;93,6;3,3;366,6;6,0;28,0
205;205;229;Município;Alentejo;Grandola;1727;9166;3731;11,8;62,7;25,5;17,7;5,2;0;5;39;10;8;1;3;44;1;990,9;3,9;89,0;54,3;5;38,176121200000004;-8,568071699999999;Grândola, Setúbal, Portugal;77,11031890803598;330,143838025195;1,2;116,8;3,4;389,8;121,0;21,0
206;206;230;Município;Alentejo;Odemira;2903;15022;6747;11,8;60,9;27,3;14,3;39,0;0;12;18;22;17;5;6;4;1;892,9;8,3;85,6;28,6;6;37,5976;-8,6422;Odemira, Beja, Portugal;130,62263888312157;394,3453600550666;2,2;203,6;4,4;476,6;196,0;23,0
207;207;231;Município;Alentejo;Santiago do Cacem;3437;17417;7861;12,0;60,7;27,4;27,1;4,3;1;11;27;21;17;4;4;35;1;1058,2;5,4;95,0;22,5;7;37,9379296;-8,503214368324551;Santiago do Cacém, Setúbal, Portugal;101,83108867750765;356,6819763195504;1,7;159,2;3,9;432,2;262,0;21,0
208;208;232;Município;Alentejo;Sines;1936;8820;2956;14,1;64,3;21,6;67,4;7,0;0;3;45;7;4;1;2;6;1;1869,5;9,2;127,6;41,5;8;37,92694175;-8,749937868081139;Sines, Setúbal, Portugal;93,03396354214155;357,98154220914;1,6;159,3;3,9;432,3;282,0;21,0
209;209;234;Município;Alentejo;Aljustrel;1004;4872;2318;12,3;59,5;28,3;17,9;1,8;0;4;7;7;4;1;2;0;0;1184,3;5,9;90,6;23,9;2;37,89032505;-8,196355048795365;Aljustrel, Beja, Portugal;122,46296345509316;363,5952262402443;1,6;163,9;3,8;437,0;18,0;28,0
210;210;235;Município;Alentejo;Almodovar;775;3971;1947;11,6;59,3;29,1;8,6;3,4;0;3;13;5;5;1;1;2;1;904,7;5,4;81,3;28,2;1;37,47508055;-8,070988093407168;Almodôvar, Beja, Portugal;165,7045456712633;410,57938961870246;2,0;214,6;4,3;487,6;22,0;31,0
211;211;236;Município;Alentejo;Alvito;282;1634;557;11,4;66,1;22,5;9,3;3,2;0;2;0;2;1;1;2;7;0;1003,3;4,2;67,6;36,0;1;38,255967;-7,991802799999999;Alvito, Beja, Portugal;111,76959330371125;325,61424335970037;1,8;171,5;4,0;444,5;28,0;14,0
212;212;237;Município;Alentejo;Barrancos;211;1045;373;13,0;64,2;22,9;9,7;1,1;0;1;1;1;1;1;1;0;0;825,4;8,6;65,1;46,1;2;38,1315902;-6,9779893;Barrancos, Beja, Portugal;199,05748316793608;363,17999206685164;2,8;239,5;5,0;512,7;49,0;33,0
213;213;238;Município;Alentejo;Beja;5013;20909;7538;15,0;62,5;22,5;29,2;4,8;1;13;22;23;15;4;6;71;1;1102,3;5,9;105,3;27,7;12;38,0154479;-7,8650368;Beja, Portugal;135,11314060458875;353,80277516813317;1,9;178,0;4,1;451,0;54,0;36,0
214;214;239;Município;Alentejo;Castro Verde;809;4524;1587;11,7;65,4;22,9;12,2;2,8;0;3;12;5;4;1;2;21;1;1796,2;5,3;105,5;20,2;3;37,697995;-8,082275;Castro Verde, Beja, Portugal;145,2239451856615;385,88369516605405;1,8;190,6;4,0;463,6;81,0;36,0
215;215;240;Município;Alentejo;Cuba;612;2947;1012;13,4;64,5;22,1;26,6;6,4;0;3;12;4;3;1;2;9;0;954,7;6,0;68,6;20,8;1;38,165209999999995;-7,892530000000001;Cuba, Beja, Portugal;124,19533568963683;337,0156116683658;1,9;176,7;4,1;449,7;94,0;36,0
216;216;241;Município;Alentejo;Ferreira do Alentejo;981;4845;2000;12,5;61,9;25,6;12,1;8,2;0;6;7;7;6;1;1;0;0;979,5;5,2;72,9;32,5;2;38,0585086;-8,1138197;Ferreira do Alentejo, Beja, Portugal;114,80112354336546;345,8204639619809;1,6;153,4;3,8;426,5;106,0;36,0
217;217;242;Município;Alentejo;Mertola;542;3381;2173;8,9;55,5;35,6;4,7;2,9;0;2;10;6;5;1;1;14;1;861,4;6,4;68,7;28,2;2;37,642043;-7,6606447;Mértola, Beja, Portugal;175,2632527695961;397,90393239102923;2,4;234,9;4,6;508,0;169,0;36,0
218;218;243;Município;Alentejo;Moura;2011;8501;3150;14,7;62,2;23,1;14,3;1,8;0;11;1;10;11;2;3;3;0;935,5;11,5;77,2;23,1;4;38,1458689;-7,36681873826084;Moura, Beja, Portugal;166,64632634255756;350,1454525172472;2,3;210,0;4,6;483,1;188,0;23,0
219;219;244;Município;Alentejo;Ourique;444;2767;1366;9,7;60,5;29,8;6,9;8,2;0;5;2;5;3;1;1;0;1;892,7;6,1;77,8;26,9;2;37,651112;-8,2237262;Ourique, Beja, Portugal;141,9611745588744;389,8238051478716;1,8;192,1;4,0;465,2;207,0;23,0
220;220;245;Município;Alentejo;Serpa;1551;8997;3693;10,9;63,2;25,9;12,9;2,2;0;5;7;7;8;3;4;14;0;888,6;7,4;74,6;18,5;3;37,95878295;-7,460404684473227;Serpa, Beja, Portugal;168,48950507308425;367,775878452367;2,2;203,3;4,4;476,3;276,0;36,0
221;221;246;Município;Alentejo;Vidigueira;780;3457;1256;14,2;62,9;22,9;17,3;2,7;0;2;2;5;4;1;1;0;0;956,3;7,7;74,7;30,4;2;38,210159499999996;-7,8014517;Vidigueira, Beja, Portugal;128,95977736068755;333,6450754965522;2,0;187,1;4,2;460,2;310,0;36,0
222;222;248;Município;Alentejo;Almeirim;2984;13979;5523;13,3;62,2;24,6;101,2;3,9;0;6;19;11;8;2;3;24;0;956,6;4,2;86,3;31,6;7;39,16800295;-8,572597770930125;Almeirim, Santarém, Portugal;70,7231877122023;220,0395139790737;1,1;94,2;2,4;259,4;21,0;36,0
223;223;249;Município;Alentejo;Alpiarca;885;4182;1956;12,6;59,5;27,8;73,6;4,9;0;3;6;3;3;1;1;8;0;946,2;4,2;78,0;26,6;1;39,23881779999999;-8,561385912553156;Alpiarça, Santarém, Portugal;77,20424469270978;212,19533478616157;1,2;93,0;2,4;258,2;23,0;34,0
224;224;250;Município;Alentejo;Azambuja;2874;14887;5013;12,6;65,4;22,0;86,7;5,2;0;6;8;11;10;3;4;9;0;1040,9;3,8;98,9;36,6;4;39,068988399999995;-8,868492100000001;Azambuja, Lisboa, Portugal;46,360049229022806;232,04996887081782;0,8;51,7;2,5;271,8;45,0;30,0
225;225;251;Município;Alentejo;Benavente;4621;20511;5534;15,1;66,9;18,0;58,8;7,0;0;7;3;14;9;3;4;0;0;1093,8;5,5;93,9;30,9;11;38,9741643;-8,8120694;Benavente, Santarém, Portugal;40,847545837985784;242,1442910677877;0,8;57,8;2,6;294,6;56,0;21,0
226;226;252;Município;Alentejo;Cartaxo;2996;15369;5447;12,6;64,5;22,9;150,5;3,7;0;8;26;8;10;2;3;9;1;1028,7;3,8;87,2;22,0;8;39,1619462;-8,786322199999999;Cartaxo, Santarém, 2070-116, Portugal;58,86205461858224;221,19388003444163;0,9;67,8;2,3;253,8;73,0;34,0
227;227;253;Município;Alentejo;Chamusca;951;5388;2794;10,4;59,0;30,6;12,2;1,0;0;9;2;8;5;1;1;4;0;976,0;3,4;71,8;22,7;2;39,3560025;-8,4802892;Chamusca, Santarém, Portugal;91,69745036209757;199,45283987174682;1,4;109,1;2,2;229,1;84,0;21,0
228;228;254;Município;Alentejo;Coruche;1785;9961;5585;10,3;57,5;32,2;15,5;1,9;0;6;14;11;10;2;4;1;0;1012,8;6,4;77,2;32,1;4;38,958218;-8,5283498;Coruche, Santarém, 2100-042, Portugal;59,68546373559449;243,40671786880702;1,1;80,5;2,7;287,0;90,0;34,0
229;229;255;Município;Alentejo;Golega;606;3276;1433;11,4;61,6;27,0;63,0;1,5;0;3;8;3;2;1;1;0;0;973,7;3,1;84,7;23,7;2;39,401795899999996;-8,486736099999998;Golegã, Santarém, 2150-200, Portugal;95,3983828471087;194,34607949236468;1,4;121,7;2,1;221,5;118,0;36,0
230;230;256;Município;Alentejo;Rio Maior;2664;12882;4788;13,1;63,4;23,5;74,5;7,6;0;5;26;9;10;2;3;82;1;1040,4;3,1;91,1;25,4;8;39,35040195000001;-8,911176402248575;Rio Maior, Santarém, Portugal;73,96639969292995;201,3932762092987;1,1;82,6;2,4;261,7;250,0;18,0
231;231;257;Município;Alentejo;Salvaterra de Magos;2552;13608;5079;12,0;64,1;23,9;87,1;2,5;0;9;47;9;6;2;3;0;0;986,5;6,2;78,6;29,8;3;39,0249942;-8,792927800000001;Salvaterra de Magos, Santarém, Portugal;46,15102630849531;236,40263596592519;0,9;63,3;2,7;290,2;253,0;30,0
232;232;258;Município;Alentejo;Santarem;7297;35363;14594;12,7;61,8;25,5;103,6;5,1;2;26;36;39;35;5;9;39;7;1065,3;4,0;100,4;28,1;22;39,236363700000005;-8,686708099999999;Santarém, 2000-024, Portugal;70,45400949557012;212,52441946872509;1,0;80,5;2,2;245,7;261,0;34,0
233;233;260;Município;Alentejo;Alter do Chao;354;1906;891;11,2;60,5;28,3;8,7;3,9;0;4;2;2;1;1;2;20;0;882,1;6,9;73,5;23,5;1;39,223624;-7,734862206115043;Alter do Chão, Portalegre, Portugal;134,3053532979873;226,47390789448662;2,2;192,0;3,0;297,2;24,0;23,0
234;234;261;Município;Alentejo;Arronches;243;1740;809;8,7;62,3;29,0;8,9;2,0;0;3;3;3;1;1;1;0;0;898,8;4,4;73,4;12,2;1;39,1070925;-7,252990258054288;Arronches, Portalegre, Portugal;169,2861229357805;254,5916407728342;2,3;219,7;3,3;317,6;41,0;23,0
235;235;262;Município;Alentejo;Avis;410;2553;1258;9,7;60,5;29,8;7,0;1,4;0;5;1;4;4;1;1;0;0;955,1;6,5;74,5;43,4;2;39,07950305;-7,909561648393968;Avis, Portalegre, Portugal;114,17071827016727;237,4849950387738;1,8;165,1;3,1;298,6;44,0;30,0
236;236;263;Município;Alentejo;Campo Maior;1108;4941;1785;14,1;63,1;22,8;31,7;3,2;0;3;4;3;1;1;1;5;1;1282,0;9,3;95,8;50,6;3;39,0125063;-7,0692822;Campo Maior, Portalegre, Portugal;182,59283922978577;271,2584395209016;2,2;224,6;3,6;340,1;69,0;34,0
237;237;264;Município;Alentejo;Castelo de Vide;277;1758;870;9,5;60,5;30,0;11,0;4,2;0;3;1;3;1;1;1;0;1;892,1;3,9;84,1;25,8;1;39,4759514;-7,487090519193356;Castelo de Vide, Portalegre, Portugal;166,24275360327886;208,9329182743772;2,4;225,4;3,0;288,8;78,0;23,0
238;238;265;Município;Alentejo;Crato;294;1758;1042;9,5;56,8;33,7;7,8;2,1;0;5;2;2;1;1;1;0;0;833,5;7,0;74,2;22,3;1;39,2851221;-7,6454266;Crato, Portalegre, Portugal;144,20582359917196;222,7217658063348;2,3;222,8;2,9;286,2;93,0;23,0
239;239;266;Município;Alentejo;Elvas;2528;13134;4747;12,4;64,4;23,3;32,3;2,9;1;10;28;18;12;4;5;36;0;892,0;8,7;90,5;42,5;6;38,8811828;-7,1637495;Elvas, Portalegre, Portugal;172,4680475795986;280,5133121752491;2,0;208,2;3,8;354,6;96,0;34,0
240;240;267;Município;Alentejo;Fronteira;314;1781;860;10,6;60,3;29,1;11,9;2,4;0;3;3;3;2;1;1;0;0;944,6;6,6;76,6;17,6;1;39,055809100000005;-7,6478657000000005;Fronteira, Portalegre, Portugal;134,83040817383508;246,53898564112967;2,0;180,2;3,3;314,1;113,0;28,0
241;241;268;Município;Alentejo;Gaviao;266;1828;1130;8,2;56,7;35,1;10,9;0,4;0;4;2;3;2;1;1;0;0;854,5;4,5;74,2;24,5;2;39,44956775;-7,913052599788992;Gavião, Portalegre, 6040-125, Portugal;134,1296408790775;197,85577074919732;1,8;169,7;2,5;260,9;116,0;23,0
242;242;269;Município;Alentejo;Marvao;264;1763;945;8,9;59,3;31,8;19,2;6,0;0;3;1;2;2;1;1;0;0;799,7;4,3;66,6;25,2;1;39,40414625;-7,359418755771342;Marvão, Portalegre, Portugal;172,15904681106036;221,09174424781108;2,6;234,4;3,2;297,9;163,0;20,0
243;243;270;Município;Alentejo;Monforte;401;1837;724;13,5;62,0;24,4;7,0;1,4;1;4;1;4;4;1;1;0;0;1020,3;10,4;74,1;46,3;1;39,0531482;-7,4389354999999995;Monforte, Portalegre, 7450-115, Portugal;152,21487067196492;253,2997331810306;2,0;198,5;3,3;321,1;181,0;23,0
244;244;271;Município;Alentejo;Nisa;516;3403;2092;8,6;56,6;34,8;10,4;1,4;0;5;3;3;1;1;1;0;1;830,1;5,7;74,6;21,5;1;39,5204986;-7,694729088254785;Nisa, Portalegre, Portugal;153,918634230122;196,91593882844802;2,1;199,1;2,7;262,6;194,0;23,0
245;245;272;Município;Alentejo;Ponte de Sor;1683;9223;4015;11,3;61,8;26,9;17,8;2,8;0;7;12;11;10;2;2;0;0;1030,1;5,0;85,8;32,8;4;39,2519303;-8,008997;Ponte de Sor, Portalegre, Portugal;114,87380351541536;216,836859172443;1,9;140,3;2,7;270,1;229,0;34,0
246;246;273;Município;Alentejo;Portalegre;2705;13313;6028;12,3;60,4;27,3;49,3;2,7;1;14;5;17;10;2;3;34;0;991,0;4,8;101,8;22,9;9;39,207609700000006;-7,721496442801111;Portalegre, Portugal;134,62404549195048;228,53083579248508;2,3;227,3;3,0;293,8;230,0;30,0
247;247;274;Município;Alentejo;Sousel;446;2603;1322;10,2;59,6;30,2;15,6;2,1;0;4;1;5;4;1;1;0;0;925,4;7,1;70,4;23,3;2;38,95224;-7,67603;Sousel, Portalegre, Portugal;129,69551749972499;256,67187143525655;1,8;167,8;3,5;323,5;286,0;32,0
248;248;276;Município;Alentejo;Alandroal;514;2921;1509;10,4;59,1;30,5;9,1;2,3;0;4;0;3;3;1;1;2;1;904,2;5,0;66,8;17,2;1;38,60240485;-7,384427441025772;Alandroal, Évora, Portugal;152,963175343094;301,62768125740064;1,9;193,5;3,9;374,0;3,0;32,0
249;249;277;Município;Alentejo;Arraiolos;734;4226;1939;10,6;61,3;28,1;10,1;2,3;0;6;9;6;4;1;1;29;0;972,0;3,4;73,8;20,4;2;38,7227289;-7,9853053;Arraiolos, Évora, Portugal;100,14348103860998;274,697505947877;1,3;123,0;3,5;396,2;40,0;36,0
250;250;278;Município;Alentejo;Borba;733;4066;1903;10,9;60,7;28,4;46,2;1,9;0;4;7;4;2;1;1;3;0;966,2;5,8;75,5;26,0;2;38,8051059;-7,4575549;Borba, Évora, Portugal;146,34380741931002;278,3121020546977;1,7;180,2;3,8;360,4;58,0;32,0
251;251;279;Município;Alentejo;Estremoz;1395;7540;3731;11,0;59,5;29,5;24,6;2,7;0;7;7;10;9;1;2;6;1;998,2;5,2;95,5;24,6;7;38,8432944;-7,586907000000001;Estremoz, Évora, Portugal;135,50309823665512;270,5742401918255;1,7;171,0;3,6;348,6;101,0;32,0
252;252;280;Município;Alentejo;Evora;7127;32707;12462;13,6;62,5;23,8;40,0;4,4;2;22;40;33;23;5;8;217;6;1122,0;5,7;117,8;20,6;23;38,5707742;-7,9092808;Évora, Portugal;107,9308817429446;292,53702436247977;1,4;133,6;3,7;406,7;102,0;32,0
253;253;281;Município;Alentejo;Montemor-o-Novo;1639;9280;4626;10,5;59,7;29,8;12,6;2,7;1;11;11;11;11;1;2;57;1;973,6;3,5;88,7;23,1;5;38,6531933;-8,21527878722609;Montemor-o-Novo, Évora, Portugal;80,39585468215044;279,22148535306115;1,1;102,3;3,3;375,4;183,0;36,0
254;254;282;Município;Alentejo;Mora;408;2338;1342;10,0;57,2;32,8;9,2;1,1;0;5;2;5;3;1;1;0;0;981,3;3,5;83,3;27,6;1;38,9441885;-8,1654674;Mora, Évora, Portugal;88,32045097760864;247,7927528481489;1,5;110,7;3,2;317,4;186,0;36,0
255;255;283;Município;Alentejo;Mourao;324;1577;542;13,3;64,6;22,2;8,8;1,8;0;5;0;3;3;1;1;11;0;889,0;11,0;71,3;36,0;1;38,29755475;-7,222334537236207;Mourão, Évora, Portugal;173,07305111450222;338,2681843707301;2,2;196,8;4,5;470,0;189,0;14,0
256;256;284;Município;Alentejo;Portel;652;3548;1602;11,2;61,2;27,6;9,7;2,1;0;2;2;7;4;1;1;0;1;966,0;6,3;67,6;24,3;1;38,31350505;-7,739053768381878;Portel, Évora, Portugal;129,5096824985318;323,61508682564397;2,0;179,9;4,2;453,0;231,0;32,0
257;257;285;Município;Alentejo;Redondo;748;3972;1599;11,8;62,9;25,3;17,1;3,3;0;3;4;3;2;1;1;0;1;967,8;5,8;73,6;22,2;2;38,6466891;-7,5467636;Redondo, Évora, Portugal;138,50885447315343;292,4005934315033;1,8;176,2;4,0;363,8;241,0;32,0
258;258;286;Município;Alentejo;Reguengos de Monsaraz;1220;6263;2489;12,2;62,8;25,0;21,5;3,1;0;5;9;8;6;1;2;7;0;937,7;7,1;89,5;22,7;3;38,4243996;-7,534710899999999;Reguengos de Monsaraz, Évora, Portugal;143,10608775382948;316,2851067255264;1,9;170,4;4,1;443,5;245,0;32,0
259;259;287;Município;Alentejo;Vendas Novas;1361;6752;3108;12,1;60,2;27,7;50,5;3,1;0;4;9;6;4;2;3;6;0;1050,1;4,1;95,5;28,0;6;38,64869225;-8,448140037492202;Vendas Novas, Évora, Portugal;60,2648071860034;278,01409338931524;1,0;86,2;3,1;340,5;307,0;36,0
260;260;288;Município;Alentejo;Viana do Alentejo;680;3346;1101;13,3;65,3;21,5;13,0;2,0;0;4;2;4;3;2;2;0;0;908,9;6,2;79,8;22,6;2;38,3347679;-8,004397200000001;Viana do Alentejo, Évora, Portugal;107,06404966908427;316,8036490576811;1,8;145,9;4,0;418,9;308,0;32,0
261;261;289;Município;Alentejo;Vila Vicosa;844;4894;1873;11,1;64,3;24,6;39,1;1,8;0;5;6;5;4;1;1;0;0;1065,3;4,4;83,4;10,8;3;38,777406299999996;-7,4166909;Vila Viçosa, Évora, Portugal;149,724766601747;282,4387218843243;1,8;186,7;3,9;367,3;327,0;18,0
262;262;292;Município;Algarve;Albufeira;6972;27585;7168;16,7;66,1;17,2;296,6;39,3;1;9;13;18;13;6;8;15;9;1004,5;17,2;114,1;61,6;16;37,144524;-8,214588148218034;Albufeira, Faro, Portugal;191,5095313621175;445,93618149432325;2,4;256,3;4,6;529,3;5,0;29,0
263;263;293;Município;Algarve;Alcoutim;157;996;966;7,4;47,0;45,6;3,7;8,9;0;2;1;2;2;1;1;7;0;847,7;3,7;71,0;31,6;1;37,40232930000001;-7,669039394405186;Alcoutim, Faro, Portugal;193,8640021515842;423,86272553071854;2,9;268,8;5,1;541,8;10,0;31,0
264;264;294;Município;Algarve;Aljezur;705;3181;1711;12,6;56,8;30,6;17,3;35,5;0;3;11;3;3;1;2;1;0;855,9;6,3;67,1;56,6;2;37,3149035;-8,804785699999998;Aljezur, Faro, Portugal;157,3231149991621;426,04052785973954;3,0;318,4;5,2;591,5;17,0;23,0
265;265;295;Município;Algarve;Castro Marim;703;3808;1707;11,3;61,2;27,4;20,7;15,9;0;2;9;5;3;1;1;0;0;864,9;5,7;75,8;33,8;1;37,2179367;-7,4457102;Castro Marim, Faro, Portugal;222,30513519497956;447,9176061891993;2,9;323,7;5,1;596,7;80,0;31,0
266;266;296;Município;Algarve;Faro;9517;37941;13570;15,6;62,2;22,2;301,3;15,6;2;17;7;34;24;7;9;203;6;1170,3;6,3;130,6;46,9;29;37,0162727;-7,9351771;Faro, Portugal;215,45792302979484;462,55768605352335;2,6;277,5;4,8;550,6;104,0;22,0
267;267;297;Município;Algarve;Lagoa;3265;14622;4866;14,4;64,3;21,4;257,8;23,8;0;8;61;14;8;4;5;48;0;1029,4;9,2;91,5;48,4;10;37,13258125;-8,455050948117309;Lagoa, Faro, Portugal;184,81909023022186;446,14891469131624;2,4;270,1;4,7;543,1;138,0;18,0
268;268;298;Município;Algarve;Lagos;4351;19432;6539;14,3;64,1;21,6;142,4;38,2;1;8;42;15;14;4;5;85;2;980,7;8,7;93,9;40,8;11;37,15313005;-8,74189647708612;Lagos, Faro, Portugal;176,00917454642843;443,8099912981088;2,8;301,1;5,0;574,1;140,0;24,0
269;269;299;Município;Algarve;Loule;10326;43662;14704;15,0;63,6;21,4;89,9;27,5;1;15;19;41;27;8;10;74;5;1049,6;8,7;109,3;51,3;37;37,21427465;-8,086523815250889;Loulé, Faro, Portugal;189,7194328213086;439,21894683048987;2,4;265,1;4,6;538,1;147,0;31,0
270;270;300;Município;Algarve;Monchique;499;2724;1806;9,9;54,2;35,9;12,7;17,7;0;3;1;2;3;1;1;0;0;887,9;6,4;64,5;28,2;1;37,317972499999996;-8,5558655;Monchique, Faro, Portugal;162,47093350087485;425,39728748464984;2,7;256,5;4,9;529,5;179,0;23,0
271;271;301;Município;Algarve;Olhao;6749;28444;9099;15,2;64,2;20,5;338,5;11,5;1;10;65;19;15;7;8;28;3;960,0;5,5;82,8;43,3;9;37,0270369;-7,8411287;Olhão, Faro, 8700-155, Portugal;218,6117048268173;462,47205975711023;2,7;285,5;4,9;558,5;201,0;25,0
272;272;302;Município;Algarve;Portimao;9066;35172;11304;16,3;63,3;20,4;305,1;20,5;4;12;21;23;13;7;8;61;8;1049,2;11,3;105,6;35,8;18;37,19420955;-8,585577395168343;Portimão, Faro, Portugal;174,836398804448;439,11179873134284;2,6;281,6;4,8;554,6;232,0;29,0
273;273;303;Município;Algarve;Sao Bras de Alportel;1435;6627;2332;13,8;63,8;22,4;67,8;14,6;0;2;13;5;5;1;2;5;1;972,3;4,0;87,8;36,6;6;37,152962200000005;-7,887913799999999;São Brás de Alportel, Faro, Portugal;204,5256880515869;448,0573169723657;2,6;283,2;4,8;556,2;264,0;28,0
274;274;304;Município;Algarve;Silves;5029;22542;8659;13,9;62,2;23,9;53,3;19,6;1;11;36;17;15;5;6;42;1;953,1;8,1;79,4;41,4;9;37,26398255;-8,34873166552471;Silves, Faro, Portugal;174,55845520010396;431,9556235444761;2,4;252,7;4,7;525,7;281,0;29,0
275;275;305;Município;Algarve;Tavira;3179;14748;6485;13,0;60,4;26,6;40,2;29,2;0;11;52;15;10;2;3;29;6;919,1;5,9;94,4;40,1;6;37,1262493;-7,6499121;Tavira, Faro, Portugal;218,85980354803544;454,299492523484;2,7;302,6;4,9;575,6;291,0;31,0
276;276;306;Município;Algarve;Vila do Bispo;630;3136;1385;12,2;60,9;26,9;28,8;43,2;0;2;13;4;4;2;2;5;0;945,4;8,2;67,3;57,3;1;37,083166600000006;-8,9096544;Vila do Bispo, Faro, 8650-413, Portugal;181,421147363947;452,16840125730704;3,0;319,0;5,2;592,0;330,0;19,0
277;277;307;Município;Algarve;Vila Real de Santo Antonio;2705;11756;4233;14,5;62,9;22,6;305,2;17,6;0;5;35;8;5;3;4;7;0;941,0;7,7;93,2;41,5;6;37,194605200000005;-7,4155628;Vila Real de Santo António, Faro, Portugal;226,01752216500884;451,0334919827097;3,0;327,0;5,2;600,0;324,0;21,0
278;278;311;Município;Região Autónoma dos Açores;Vila do Porto;777;3984;853;13,8;71,0;15,2;57,9;2,5;0;2;10;5;5;1;1;0;0;1492,5;0,0;89,7;23,0;3;36,9725989;-25,102633616352854;Vila do Porto, Açores, Portugal;1416,6565615137285;1498,063555557755;;;;;332,0;14,0
279;279;313;Município;Região Autónoma dos Açores;Lagoa [R.A.A.];2448;10457;1831;16,6;71,0;12,4;323,2;1,1;0;5;34;10;8;2;2;11;0;941,9;0,0;76,1;36,6;5;;;;;;0,2;13,1;0,2;13,1;139,0;18,0
280;280;314;Município;Região Autónoma dos Açores;Nordeste;631;3333;878;13,0;68,8;18,1;47,7;1,0;0;2;8;5;5;1;1;2;0;860,8;0,0;61,9;23,8;4;37,8182101;-25,220341030431037;Nordeste, Açores, Portugal;1409,2579556561625;1473,501249691252;0,9;61,0;0,9;61,0;195,0;19,0
281;281;315;Município;Região Autónoma dos Açores;Ponta Delgada;10615;47861;9423;15,6;70,5;13,9;291,4;1,7;4;17;88;41;35;8;7;29;5;1205,5;0,0;108,0;41,7;27;37,7394344;-25,668361800000003;Ponta Delgada, Açores, 9545, Portugal;1449,6155751451092;1513,602125455125;0,1;2,3;0,1;2,3;225,0;19,0
282;282;316;Município;Região Autónoma dos Açores;Povoacao;791;4136;985;13,4;70,0;16,7;55,6;1,4;0;2;4;8;7;2;2;1;0;924,3;0,0;66,3;25,4;3;37,746882899999996;-25,2451613;Povoação, Açores, Portugal;1412,6746677226813;1478,2462278144476;1,1;58,3;1,1;58,3;239,0;19,0
283;283;317;Município;Região Autónoma dos Açores;Ribeira Grande;6417;23394;3006;19,6;71,3;9,2;182,2;0,7;0;7;39;22;15;3;3;8;1;999,3;0,0;72,4;57,6;11;37,8225227;-25,5194914;Ribeira Grande, Açores, Portugal;1435,198891076746;1498,1485040074679;0,4;22,7;0,4;22,7;248,0;19,0
284;284;318;Município;Região Autónoma dos Açores;Vila Franca do Campo;1704;7882;1432;15,5;71,5;13,0;141,3;0,8;0;2;17;6;4;2;2;0;0;895,2;0,0;66,1;28,8;4;37,7171624;-25,433535199999998;Vila Franca do Campo, Açores, Portugal;1429,5955282373538;1494,9785770699993;0,4;27,8;0,4;27,8;314,0;19,0
285;285;320;Município;Região Autónoma dos Açores;Angra do Heroismo;4727;22936;6063;14,0;68,0;18,0;141,1;1,2;3;10;30;29;19;4;4;143;2;1052,8;0,0;96,1;30,6;11;38,659316700000005;-27,219557799999997;Angra do Heroísmo, Açores, Portugal;1570,8599605066765;1611,8944483437647;;;;;33,0;18,0
286;286;321;Município;Região Autónoma dos Açores;Vila da Praia da Vitoria;2948;14996;3330;13,9;70,5;15,7;131,9;1,0;0;6;19;18;14;2;3;16;1;1067,4;0,0;75,1;28,9;7;;;;;;;;;;328,0;19,0
287;287;323;Município;Região Autónoma dos Açores;Santa Cruz da Graciosa;550;2800;844;13,1;66,8;20,1;69,1;1,1;0;1;7;5;4;1;1;4;0;1039,1;0,0;75,6;32,9;3;39,05289005;-28,012979224740967;Santa Cruz da Graciosa, Açores, Portugal;1635,4497829499267;1667,124050752717;;;;;256,0;18,0
288;288;325;Município;Região Autónoma dos Açores;Calheta [R.A.A.];404;1991;778;12,7;62,8;24,5;25,1;0,9;0;2;0;4;2;2;2;0;0;902,7;0,0;77,7;21,8;3;;;;;;;;;;65,0;15,0
289;289;326;Município;Região Autónoma dos Açores;Velas;600;3559;923;11,8;70,0;18,2;43,3;1,7;0;2;12;3;4;1;1;8;0;1015,7;0,0;83,3;34,4;4;38,6797531;-28,2052961;Velas, Açores, Portugal;1655,9422074949728;1693,8904962023844;;;;;306,0;18,0
290;290;328;Município;Região Autónoma dos Açores;Lajes do Pico;526;2873;1084;11,7;64,1;24,2;28,9;3,9;0;2;4;3;3;2;1;0;0;844,2;0,0;70,8;21,9;3;38,394450899999995;-28,2522218;Lajes do Pico, Açores, 9930, Portugal;1663,6674031472367;1706,5669556950836;;;;;142,0;18,0
291;291;329;Município;Região Autónoma dos Açores;Madalena;831;3921;1139;14,1;66,6;19,3;40,0;3,9;0;2;29;5;5;1;1;0;1;953,0;0,0;90,6;32,3;6;38,5363166;-28,524348800000002;Madalena, Açores, 9950-324, Portugal;1685,3372630890015;1724,9603337833585;2,9;312,1;0,3;9,6;155,0;15,0
292;292;330;Município;Região Autónoma dos Açores;Sao Roque do Pico;437;2192;644;13,3;67,0;19,7;23,0;4,1;0;1;10;3;2;1;1;0;0;1036,1;0,0;79,4;41,9;3;38,5134299;-28,3201553;São Roque do Pico, Açores, 9940-335, Portugal;1667,95218606415;1708,5492008536817;;;;;269,0;18,0
293;293;332;Município;Região Autónoma dos Açores;Horta;1970;9898;2615;13,6;68,3;18,1;83,7;4,7;1;5;13;12;10;1;1;6;0;1125,8;0,0;90,7;41,4;7;38,5368032;-28,630109;Horta, Açores, Portugal;1694,4882853661763;1733,8104851434964;;;;;124,0;19,0
294;294;334;Município;Região Autónoma dos Açores;Lajes das Flores;170;991;302;11,6;67,8;20,6;20,9;7,7;0;0;1;1;1;1;0;0;0;1029,0;0,0;75,4;23,2;3;39,43029395;-31,223875545091072;Lajes das Flores, Açores, Portugal;1908,3898138401362;1926,8176288057093;;;;;141,0;19,0
295;295;335;Município;Região Autónoma dos Açores;Santa Cruz das Flores;270;1491;405;12,4;68,8;18,7;30,5;3,1;0;2;2;3;2;1;1;0;0;1178,4;0,0;86,2;48,5;3;39,47455555;-31,198541227280693;Santa Cruz das Flores, Açores, Portugal;1905,8252084909961;1923,5954722346253;;;;;257,0;19,0
296;296;337;Município;Região Autónoma dos Açores;Corvo;64;316;87;13,7;67,7;18,6;27,3;1,9;0;1;2;1;1;1;1;0;0;1089,1;0,0;74,9;40,7;2;39,69770635;-31,105243289910305;Ilha do Corvo, Vila do Corvo, Corvo, Açores, Portugal;1896,0577293303809;1910,4201634716128;;;;;91,0;19,0
297;297;341;Município;Região Autónoma da Madeira;Calheta [R.A.M.];1248;7197;2406;11,5;66,3;22,2;97,3;8,4;0;4;34;7;6;1;1;3;0;1154,4;0,0;64,8;15,2;7;;;;;;0,9;47,2;0,9;47,2;66,0;15,0
298;298;342;Município;Região Autónoma da Madeira;Camara de Lobos;5131;24227;4299;15,2;72,0;12,8;645,1;1,2;0;8;11;15;10;3;3;8;0;999,6;0,0;59,9;28,2;6;32,6483323;-16,9763096;Câmara de Lobos, Madeira, Portugal;976,8529800883324;1201,198990944648;0,5;21,0;0,5;21,0;67,0;15,0
299;299;343;Município;Região Autónoma da Madeira;Funchal;12662;71078;20150;12,2;68,4;19,4;1363,0;4,7;10;28;50;52;35;12;12;325;13;1171,5;0,0;115,7;27,8;48;32,6496497;-16,9086783;Funchal, Madeira, Portugal;972,3241387657314;1197,3712006834905;0,5;16,5;0,5;16,5;114,0;20,0
300;300;344;Município;Região Autónoma da Madeira;Machico;2231;14138;3557;11,2;71,0;17,9;291,9;1,7;0;5;10;7;6;3;3;16;0;1063,9;0,0;80,1;21,8;6;32,722875;-16,7659069;Machico, Madeira, Portugal;957,1805101248764;1182,9779445436566;0,8;40,3;0,8;40,3;154,0;22,0
301;301;345;Município;Região Autónoma da Madeira;Ponta do Sol;1039;6157;1378;12,1;71,8;16,1;185,3;5,3;0;2;11;7;6;1;1;67;1;881,1;0,0;58,0;13,4;2;32,681067;-17,104073;Ponta do Sol, Madeira, Portugal;982,6841324534897;1205,3308795115524;0,7;35,6;0,7;35,6;226,0;15,0
302;302;346;Município;Região Autónoma da Madeira;Porto Moniz;243;1511;574;10,4;64,9;24,7;28,1;4,5;0;1;3;1;1;1;1;0;0;826,7;0,0;59,8;26,2;2;32,8669649;-17,166632800000002;Porto Moniz, Madeira, Portugal;972,3879424667416;1192,31760857122;1,2;61,0;1,2;61,0;234,0;15,0
303;303;347;Município;Região Autónoma da Madeira;Ribeira Brava;1589;8652;2156;12,8;69,8;17,4;189,4;3,8;0;4;0;6;6;2;2;13;0;920,1;0,0;69,0;28,8;5;32,670092100000005;-17,065039499999997;Ribeira Brava, Madeira, Portugal;980,9679558015899;1204,145299226088;0,7;31,0;0,7;31,0;247,0;15,0
304;304;348;Município;Região Autónoma da Madeira;Santa Cruz;6922;33094;5449;15,2;72,8;12,0;559,1;2,8;0;7;25;13;9;3;3;11;0;1116,1;0,0;71,4;15,2;9;32,69833475;-16,801762086363112;Santa Cruz, Madeira, Portugal;961,4728714069827;1187,1451460075446;1,1;68,9;2,7;283,9;255,0;16,0
305;305;349;Município;Região Autónoma da Madeira;Santana;644;4356;1680;9,6;65,2;25,2;70,0;1,7;0;3;2;4;4;1;1;0;0;883,2;0,0;59,6;12,4;3;32,804907;-16,881301500000003;Santana, Madeira, Portugal;958,2269459858901;1181,914738416412;1,0;56,0;1,0;56,0;260,0;15,0
306;306;350;Município;Região Autónoma da Madeira;Sao Vicente;494;3331;1304;9,6;64,9;25,4;65,0;3,1;0;3;11;3;2;1;1;2;0;866,1;0,0;62,7;17,2;2;32,8022756;-17,0472397;São Vicente, Madeira, Portugal;969,4199692262623;1191,3546391191292;0,9;45,6;0,9;45,6;270,0;21,0
307;307;352;Município;Região Autónoma da Madeira;Porto Santo;654;3827;719;12,6;73,6;13,8;121,8;6,6;0;1;9;2;2;1;1;0;0;1175,5;0,0;96,4;30,6;4;33,06578005;-16,336237098824252;Porto Santo, Madeira, Portugal;901,8993319362172;1128,7084807099172;;;;;235,0;20,0
