date_time,maxtempC,mintempC,totalSnow_cm,sunHour,uvIndex,moon_illumination,moonrise,moonset,sunrise,sunset,DewPointC,FeelsLikeC,HeatIndexC,WindChillC,WindGustKmph,cloudcover,humidity,precipMM,pressure,tempC,visibility,winddirDegree,windspeedKmph,location
2021-01-01,11,7,0.0,10.0,2,83,08:36 PM,10:09 AM,08:10 AM,06:12 PM,5,7,9,7,19,30,76,0.1,1024,11,10,45,10,"Portugal,+Santana"
2021-01-02,10,7,0.0,10.0,2,76,09:41 PM,10:51 AM,08:10 AM,06:13 PM,6,8,9,8,22,48,78,0.9,1022,10,9,52,12,"Portugal,+Santana"
2021-01-03,11,5,0.0,10.0,3,69,10:45 PM,11:29 AM,08:10 AM,06:14 PM,7,8,10,8,22,60,78,0.3,1019,11,10,110,14,"Portugal,+Santana"
2021-01-04,12,5,0.0,5.0,3,62,11:49 PM,12:03 PM,08:10 AM,06:15 PM,11,9,11,9,38,95,89,74.2,1012,12,8,179,21,"Portugal,+Santana"
2021-01-05,15,11,0.0,5.0,3,56,No moonrise,12:36 PM,08:11 AM,06:15 PM,11,12,13,12,30,76,84,2.0,1007,15,9,273,15,"Portugal,+Santana"
2021-01-06,15,12,0.0,5.0,3,49,12:53 AM,01:09 PM,08:11 AM,06:16 PM,11,12,13,12,25,77,87,18.7,1001,15,9,244,13,"Portugal,+Santana"
2021-01-07,11,8,0.0,5.0,2,42,01:58 AM,01:42 PM,08:11 AM,06:17 PM,8,7,10,7,48,95,91,82.2,1004,11,7,99,24,"Portugal,+Santana"
2021-01-08,8,7,0.0,5.0,2,35,03:05 AM,02:18 PM,08:11 AM,06:18 PM,5,4,8,4,51,82,82,29.2,1010,8,8,130,27,"Portugal,+Santana"
2021-01-09,9,4,0.0,5.0,2,28,04:14 AM,03:00 PM,08:11 AM,06:19 PM,4,4,7,4,38,73,75,9.2,1020,9,9,340,19,"Portugal,+Santana"
2021-01-10,9,8,0.0,5.0,2,22,05:24 AM,03:47 PM,08:11 AM,06:20 PM,4,6,8,6,38,71,76,2.9,1023,9,10,339,19,"Portugal,+Santana"
2021-01-11,10,7,0.0,6.7,2,15,06:32 AM,04:41 PM,08:11 AM,06:20 PM,4,6,8,6,30,69,75,1.5,1026,10,10,192,16,"Portugal,+Santana"
2021-01-12,10,4,0.0,10.1,3,8,07:37 AM,05:42 PM,08:10 AM,06:21 PM,5,7,9,7,19,23,74,0.1,1028,10,10,37,12,"Portugal,+Santana"
2021-01-13,11,4,0.0,10.1,3,1,08:34 AM,06:45 PM,08:10 AM,06:22 PM,6,8,10,8,13,18,72,0.0,1030,11,10,48,9,"Portugal,+Santana"
2021-01-14,10,7,0.0,10.1,3,5,09:24 AM,07:51 PM,08:10 AM,06:23 PM,5,8,9,8,15,21,73,0.0,1032,10,10,47,9,"Portugal,+Santana"
2021-01-15,11,4,0.0,10.1,3,12,10:06 AM,08:54 PM,08:10 AM,06:24 PM,6,7,9,7,21,6,76,0.0,1030,11,10,47,12,"Portugal,+Santana"
2021-01-16,14,5,0.0,5.1,3,19,10:41 AM,09:55 PM,08:10 AM,06:25 PM,10,10,12,10,19,59,84,2.7,1029,14,10,36,12,"Portugal,+Santana"
2021-01-17,13,4,0.0,8.3,3,26,11:13 AM,10:52 PM,08:09 AM,06:26 PM,10,10,11,10,12,63,83,1.2,1028,13,9,68,8,"Portugal,+Santana"
2021-01-18,12,6,0.0,10.2,4,33,11:42 AM,11:49 PM,08:09 AM,06:27 PM,7,10,11,10,4,21,75,0.0,1027,12,10,212,3,"Portugal,+Santana"
2021-01-19,12,8,0.0,10.0,3,39,12:09 PM,No moonset,08:09 AM,06:28 PM,7,9,11,9,19,30,78,0.0,1024,12,10,240,10,"Portugal,+Santana"
2021-01-20,15,11,0.0,6.7,3,46,12:36 PM,12:43 AM,08:09 AM,06:29 PM,10,12,13,12,33,52,84,0.9,1020,15,10,268,16,"Portugal,+Santana"
2021-01-21,16,13,0.0,10.2,4,53,01:05 PM,01:38 AM,08:08 AM,06:30 PM,12,14,14,14,16,32,84,0.0,1023,16,10,270,8,"Portugal,+Santana"
2021-01-22,15,14,0.0,10.2,3,60,01:35 PM,02:32 AM,08:08 AM,06:31 PM,12,14,14,14,12,26,89,0.1,1026,15,10,174,6,"Portugal,+Santana"
2021-01-23,15,12,0.0,10.3,4,66,02:09 PM,03:29 AM,08:07 AM,06:32 PM,10,14,13,14,6,20,80,0.0,1025,15,10,218,3,"Portugal,+Santana"
2021-01-24,15,12,0.0,10.3,4,73,02:48 PM,04:25 AM,08:07 AM,06:32 PM,10,13,13,13,12,17,82,0.0,1022,15,10,252,6,"Portugal,+Santana"
2021-01-25,15,8,0.0,10.3,3,80,03:33 PM,05:23 AM,08:06 AM,06:33 PM,11,12,13,12,9,20,82,0.0,1024,15,10,265,5,"Portugal,+Santana"
2021-01-26,16,8,0.0,10.3,4,87,04:24 PM,06:19 AM,08:06 AM,06:34 PM,11,13,13,13,8,5,80,0.0,1026,16,10,163,5,"Portugal,+Santana"
2021-01-27,17,9,0.0,10.3,5,93,05:22 PM,07:13 AM,08:05 AM,06:35 PM,13,14,15,14,15,3,79,0.0,1024,17,10,87,9,"Portugal,+Santana"
2021-01-28,17,11,0.0,10.3,5,100,06:24 PM,08:03 AM,08:05 AM,06:36 PM,13,15,16,15,9,2,79,0.0,1023,17,10,93,6,"Portugal,+Santana"
2021-01-29,17,14,0.0,10.3,5,93,07:29 PM,08:48 AM,08:04 AM,06:37 PM,11,15,15,15,10,9,76,0.0,1024,17,10,172,6,"Portugal,+Santana"
2021-01-30,16,12,0.0,10.3,4,86,08:35 PM,09:28 AM,08:04 AM,06:38 PM,10,13,13,13,13,24,80,0.0,1027,16,10,188,6,"Portugal,+Santana"
2021-01-31,15,12,0.0,10.4,4,79,09:41 PM,10:04 AM,08:03 AM,06:39 PM,6,13,13,13,12,7,62,0.0,1027,15,10,87,6,"Portugal,+Santana"
2021-02-01,16,12,0.0,10.4,4,73,10:46 PM,10:38 AM,08:02 AM,06:40 PM,11,14,14,14,6,13,83,0.0,1024,16,10,83,3,"Portugal,+Santana"
2021-02-02,15,11,0.0,10.4,4,66,11:52 PM,11:11 AM,08:02 AM,06:41 PM,10,13,13,13,10,20,83,0.0,1021,15,10,205,5,"Portugal,+Santana"
2021-02-03,13,11,0.0,6.8,3,59,No moonrise,11:44 AM,08:01 AM,06:42 PM,8,10,12,10,24,52,80,0.7,1018,13,10,294,13,"Portugal,+Santana"
2021-02-04,9,7,0.0,6.8,2,52,12:58 AM,12:19 PM,08:00 AM,06:43 PM,5,6,9,6,30,60,76,3.1,1012,9,10,318,16,"Portugal,+Santana"
2021-02-05,9,8,0.0,8.5,2,46,02:05 AM,12:58 PM,07:59 AM,06:44 PM,4,5,8,5,37,63,74,4.0,1012,9,10,343,20,"Portugal,+Santana"
2021-02-06,10,8,0.0,5.4,2,39,03:13 AM,01:42 PM,07:59 AM,06:45 PM,5,7,9,7,34,68,76,4.4,1019,10,10,332,17,"Portugal,+Santana"
2021-02-07,12,8,0.0,10.9,4,32,04:20 AM,02:31 PM,07:58 AM,06:46 PM,7,9,10,9,17,21,79,0.0,1022,12,10,315,8,"Portugal,+Santana"
2021-02-08,14,11,0.0,10.1,3,25,05:25 AM,03:28 PM,07:57 AM,06:47 PM,9,11,12,11,27,34,82,0.5,1020,14,10,293,14,"Portugal,+Santana"
2021-02-09,14,10,0.0,10.9,4,18,06:23 AM,04:29 PM,07:56 AM,06:48 PM,9,11,12,11,22,18,82,0.0,1019,14,10,283,11,"Portugal,+Santana"
2021-02-10,15,11,0.0,10.9,3,12,07:15 AM,05:34 PM,07:55 AM,06:49 PM,10,12,13,12,14,27,82,0.0,1020,15,10,262,7,"Portugal,+Santana"
2021-02-11,15,9,0.0,10.1,3,5,08:00 AM,06:37 PM,07:54 AM,06:49 PM,11,13,13,13,12,31,85,0.5,1021,15,10,254,6,"Portugal,+Santana"
2021-02-12,15,8,0.0,10.1,3,2,08:37 AM,07:40 PM,07:54 AM,06:50 PM,12,12,13,12,8,43,86,0.4,1024,15,10,188,4,"Portugal,+Santana"
2021-02-13,15,7,0.0,11.0,4,9,09:11 AM,08:39 PM,07:53 AM,06:51 PM,11,13,14,13,6,20,80,0.1,1025,15,10,101,4,"Portugal,+Santana"
2021-02-14,15,9,0.0,11.0,4,15,09:41 AM,09:37 PM,07:52 AM,06:52 PM,8,13,14,13,8,0,66,0.0,1024,15,10,62,5,"Portugal,+Santana"
2021-02-15,16,10,0.0,11.0,4,22,10:09 AM,10:32 PM,07:51 AM,06:53 PM,5,12,13,12,15,6,57,0.0,1023,16,10,174,8,"Portugal,+Santana"
2021-02-16,16,13,0.0,11.0,4,29,10:36 AM,11:27 PM,07:50 AM,06:54 PM,6,14,14,14,15,34,58,0.0,1024,16,10,149,8,"Portugal,+Santana"
2021-02-17,16,7,0.0,5.5,3,36,11:04 AM,No moonset,07:49 AM,06:55 PM,6,13,14,13,14,78,56,0.0,1022,16,10,171,8,"Portugal,+Santana"
2021-02-18,15,13,0.0,11.1,4,42,11:34 AM,12:22 AM,07:48 AM,06:56 PM,7,14,14,14,6,9,63,0.0,1020,15,10,220,4,"Portugal,+Santana"
2021-02-19,15,9,0.0,11.1,4,49,12:05 PM,01:18 AM,07:47 AM,06:57 PM,9,11,12,11,22,27,79,0.2,1017,15,10,249,12,"Portugal,+Santana"
2021-02-20,14,8,0.0,5.6,3,56,12:42 PM,02:13 AM,07:46 AM,06:57 PM,10,9,11,9,50,91,89,72.7,1010,14,6,271,25,"Portugal,+Santana"
2021-02-21,11,7,0.0,10.1,2,63,01:23 PM,03:11 AM,07:45 AM,06:58 PM,5,7,9,7,29,47,74,2.5,1016,11,10,295,15,"Portugal,+Santana"
2021-02-22,16,11,0.0,7.1,3,70,02:11 PM,04:07 AM,07:44 AM,06:59 PM,11,13,13,13,20,63,83,1.5,1021,16,10,256,11,"Portugal,+Santana"
2021-02-23,16,12,0.0,5.8,3,76,03:06 PM,05:01 AM,07:42 AM,07:00 PM,12,14,14,14,10,60,82,0.6,1024,16,10,247,6,"Portugal,+Santana"
2021-02-24,12,10,0.0,5.8,3,83,04:06 PM,05:53 AM,07:41 AM,07:01 PM,9,10,11,10,21,59,85,7.1,1026,12,9,263,10,"Portugal,+Santana"
2021-02-25,12,8,0.0,11.6,4,90,05:10 PM,06:39 AM,07:40 AM,07:02 PM,5,7,10,7,33,0,73,0.0,1030,12,10,197,17,"Portugal,+Santana"
2021-02-26,11,7,0.0,11.6,3,97,06:17 PM,07:22 AM,07:39 AM,07:03 PM,4,6,9,6,34,4,72,0.0,1029,11,10,123,19,"Portugal,+Santana"
2021-02-27,11,4,0.0,5.8,2,97,07:25 PM,08:00 AM,07:38 AM,07:03 PM,6,7,9,7,26,53,79,2.6,1025,11,10,348,16,"Portugal,+Santana"
2021-02-28,12,10,0.0,5.8,3,90,08:32 PM,08:36 AM,07:37 AM,07:04 PM,9,10,11,10,22,74,82,5.4,1019,12,10,121,13,"Portugal,+Santana"
2021-03-01,12,7,0.0,11.6,4,83,09:40 PM,09:10 AM,07:35 AM,07:05 PM,8,9,11,9,17,25,79,0.0,1020,12,10,283,10,"Portugal,+Santana"
2021-03-02,12,8,0.0,11.6,4,76,10:48 PM,09:44 AM,07:34 AM,07:06 PM,8,10,11,10,12,39,78,0.0,1023,12,10,75,8,"Portugal,+Santana"
2021-03-03,13,10,0.0,11.6,4,69,11:57 PM,10:19 AM,07:33 AM,07:07 PM,7,11,12,11,8,23,74,0.0,1024,13,10,200,5,"Portugal,+Santana"
2021-03-04,14,10,0.0,8.7,3,63,No moonrise,10:57 AM,07:32 AM,07:07 PM,8,11,12,11,29,40,79,0.6,1021,14,10,299,15,"Portugal,+Santana"
2021-03-05,13,10,0.0,10.2,3,56,01:06 AM,11:40 AM,07:31 AM,07:08 PM,9,10,12,10,36,35,81,0.6,1020,13,10,334,19,"Portugal,+Santana"
2021-03-06,12,8,0.0,7.3,3,49,02:14 AM,12:28 PM,07:29 AM,07:09 PM,8,9,11,9,34,55,79,2.2,1022,12,10,308,19,"Portugal,+Santana"
2021-03-07,13,8,0.0,11.6,4,42,03:20 AM,01:22 PM,07:28 AM,07:10 PM,8,10,12,10,19,16,76,0.0,1025,13,10,343,13,"Portugal,+Santana"
2021-03-08,13,10,0.0,5.9,3,36,04:19 AM,02:21 PM,07:27 AM,07:10 PM,9,10,11,10,18,76,83,1.1,1022,13,10,100,9,"Portugal,+Santana"
2021-03-09,11,7,0.0,11.6,3,29,05:12 AM,03:24 PM,07:26 AM,07:11 PM,7,8,10,8,30,43,77,0.9,1024,11,10,12,18,"Portugal,+Santana"
2021-03-10,12,7,0.0,11.6,4,22,05:57 AM,04:26 PM,07:24 AM,07:12 PM,8,9,11,9,24,5,76,0.0,1026,12,10,22,16,"Portugal,+Santana"
2021-03-11,13,9,0.0,11.6,4,15,06:36 AM,05:29 PM,07:23 AM,07:13 PM,10,11,12,11,21,23,83,0.0,1028,13,10,45,14,"Portugal,+Santana"
2021-03-12,12,5,0.0,7.4,3,9,07:11 AM,06:28 PM,07:22 AM,07:14 PM,9,9,11,9,22,55,83,0.2,1027,12,10,52,13,"Portugal,+Santana"
2021-03-13,13,11,0.0,7.4,3,2,07:41 AM,07:26 PM,07:20 AM,07:14 PM,9,10,12,10,28,66,83,0.6,1025,13,10,66,15,"Portugal,+Santana"
2021-03-14,12,9,0.0,11.6,4,5,08:09 AM,08:22 PM,07:19 AM,07:15 PM,8,10,11,10,21,49,82,0.1,1024,12,10,60,13,"Portugal,+Santana"
2021-03-15,14,11,0.0,11.6,4,12,08:37 AM,09:18 PM,07:18 AM,07:16 PM,9,12,13,12,16,29,78,0.0,1022,14,10,30,12,"Portugal,+Santana"
2021-03-16,15,9,0.0,11.6,4,19,09:04 AM,10:13 PM,07:17 AM,07:17 PM,11,12,13,12,19,10,80,0.0,1021,15,10,30,14,"Portugal,+Santana"
2021-03-17,15,11,0.0,11.6,4,25,09:33 AM,11:08 PM,07:15 AM,07:17 PM,10,12,13,12,17,0,75,0.0,1019,15,10,16,11,"Portugal,+Santana"
2021-03-18,15,7,0.0,11.6,4,32,10:04 AM,No moonset,07:14 AM,07:18 PM,8,12,13,12,17,2,68,0.0,1019,15,10,251,11,"Portugal,+Santana"
2021-03-19,14,8,0.0,11.6,4,39,10:38 AM,12:04 AM,07:13 AM,07:19 PM,7,11,13,11,23,0,68,0.0,1019,14,10,110,15,"Portugal,+Santana"
2021-03-20,12,8,0.0,7.4,3,46,11:17 AM,01:00 AM,07:11 AM,07:19 PM,7,8,10,8,28,49,78,0.6,1020,12,10,241,16,"Portugal,+Santana"
2021-03-21,12,6,0.0,11.6,4,52,12:01 PM,01:56 AM,07:10 AM,07:20 PM,6,9,11,9,24,17,73,0.1,1022,12,10,45,16,"Portugal,+Santana"
2021-03-22,12,6,0.0,11.6,4,59,12:52 PM,02:51 AM,07:09 AM,07:21 PM,7,9,11,9,18,20,75,0.0,1021,12,10,43,12,"Portugal,+Santana"
2021-03-23,12,9,0.0,11.6,4,66,01:49 PM,03:43 AM,07:07 AM,07:22 PM,7,10,12,10,14,10,73,0.0,1022,12,10,50,9,"Portugal,+Santana"
2021-03-24,14,10,0.0,8.8,3,73,02:50 PM,04:30 AM,07:06 AM,07:22 PM,10,11,13,11,21,51,79,0.4,1023,14,10,58,14,"Portugal,+Santana"
2021-03-25,14,11,0.0,8.8,3,80,03:55 PM,05:14 AM,07:05 AM,07:23 PM,11,12,14,12,29,69,82,0.5,1020,14,10,52,19,"Portugal,+Santana"
2021-03-26,14,5,0.0,8.9,3,86,05:02 PM,05:54 AM,07:03 AM,07:24 PM,11,10,12,10,52,82,87,10.1,1012,14,8,47,30,"Portugal,+Santana"
2021-03-27,15,9,0.0,6.1,3,93,06:10 PM,06:30 AM,07:02 AM,07:25 PM,11,11,13,11,48,83,84,22.2,1013,15,8,134,26,"Portugal,+Santana"
2021-03-28,13,8,0.0,11.6,4,100,07:19 PM,07:05 AM,07:01 AM,07:25 PM,9,10,12,10,24,15,76,0.3,1021,13,10,347,17,"Portugal,+Santana"
2021-03-29,15,11,0.0,10.3,3,93,08:29 PM,07:39 AM,06:59 AM,07:26 PM,9,12,13,12,19,46,78,0.6,1017,15,10,181,10,"Portugal,+Santana"
2021-03-30,15,9,0.0,10.3,3,87,09:41 PM,08:14 AM,06:58 AM,07:27 PM,10,13,14,13,9,25,74,0.2,1014,15,10,207,6,"Portugal,+Santana"
2021-03-31,13,11,0.0,6.4,3,80,10:52 PM,08:52 AM,06:57 AM,07:27 PM,9,11,12,11,20,62,81,14.2,1007,13,9,222,12,"Portugal,+Santana"
2021-04-01,14,8,0.0,11.6,4,73,No moonrise,09:35 AM,06:55 AM,07:28 PM,9,11,12,11,17,8,80,0.0,1016,14,10,282,8,"Portugal,+Santana"
2021-04-02,14,12,0.0,11.6,4,66,12:04 AM,10:22 AM,06:54 AM,07:29 PM,9,13,13,13,15,9,77,0.0,1022,14,10,59,8,"Portugal,+Santana"
2021-04-03,13,10,0.0,11.6,4,60,01:12 AM,11:16 AM,06:53 AM,07:29 PM,9,11,12,11,14,18,79,0.0,1020,13,10,30,8,"Portugal,+Santana"
2021-04-04,14,5,0.0,11.6,4,53,02:15 AM,12:15 PM,06:51 AM,07:30 PM,9,11,12,11,5,24,77,0.0,1018,14,10,223,4,"Portugal,+Santana"
2021-04-05,13,8,0.0,11.6,4,46,03:11 AM,01:17 PM,06:50 AM,07:31 PM,8,12,13,12,5,25,71,0.0,1019,13,10,83,3,"Portugal,+Santana"
2021-04-06,14,7,0.0,11.6,4,39,03:58 AM,02:20 PM,06:49 AM,07:32 PM,10,13,13,13,4,14,75,0.0,1018,14,10,243,3,"Portugal,+Santana"
2021-04-07,16,9,0.0,10.3,3,32,04:38 AM,03:22 PM,06:48 AM,07:32 PM,12,14,15,14,10,32,79,0.5,1017,16,10,227,7,"Portugal,+Santana"
2021-04-08,16,11,0.0,10.3,3,26,05:13 AM,04:21 PM,06:46 AM,07:33 PM,10,13,13,13,12,28,79,0.4,1017,16,10,262,6,"Portugal,+Santana"
2021-04-09,15,11,0.0,10.3,3,19,05:44 AM,05:19 PM,06:45 AM,07:34 PM,10,13,13,13,9,41,79,0.8,1017,15,10,312,5,"Portugal,+Santana"
2021-04-10,15,13,0.0,9.0,3,12,06:12 AM,06:15 PM,06:44 AM,07:34 PM,11,13,14,13,15,53,82,1.7,1016,15,10,290,8,"Portugal,+Santana"
2021-04-11,16,8,0.0,10.3,3,5,06:40 AM,07:11 PM,06:42 AM,07:35 PM,11,13,13,13,13,49,82,0.5,1017,16,10,229,7,"Portugal,+Santana"
2021-04-12,17,11,0.0,10.3,4,1,07:07 AM,08:05 PM,06:41 AM,07:36 PM,14,15,15,15,11,62,83,1.1,1018,17,10,248,6,"Portugal,+Santana"
2021-04-13,17,13,0.0,10.3,4,8,07:35 AM,09:01 PM,06:40 AM,07:37 PM,12,15,15,15,14,56,81,2.2,1020,17,10,247,7,"Portugal,+Santana"
2021-04-14,15,13,0.0,9.0,3,15,08:04 AM,09:57 PM,06:39 AM,07:37 PM,11,13,14,13,18,47,83,1.4,1018,15,10,301,9,"Portugal,+Santana"
2021-04-15,16,11,0.0,11.6,4,22,08:37 AM,10:53 PM,06:38 AM,07:38 PM,10,12,13,12,22,16,79,0.1,1017,16,10,323,12,"Portugal,+Santana"
2021-04-16,16,9,0.0,11.6,4,29,09:14 AM,11:49 PM,06:36 AM,07:39 PM,10,12,13,12,18,12,80,0.0,1019,16,10,136,10,"Portugal,+Santana"
2021-04-17,16,11,0.0,11.6,4,35,09:56 AM,No moonset,06:35 AM,07:40 PM,10,14,15,14,14,4,71,0.0,1022,16,10,198,9,"Portugal,+Santana"
2021-04-18,17,11,0.0,11.6,5,42,10:43 AM,12:44 AM,06:34 AM,07:40 PM,9,15,15,15,14,2,65,0.0,1023,17,10,123,10,"Portugal,+Santana"
2021-04-19,17,14,0.0,11.6,5,49,11:37 AM,01:36 AM,06:33 AM,07:41 PM,9,16,16,16,13,2,65,0.0,1023,17,10,181,8,"Portugal,+Santana"
2021-04-20,16,13,0.0,11.6,4,56,12:35 PM,02:24 AM,06:32 AM,07:42 PM,10,14,14,14,18,20,77,0.1,1021,16,10,152,10,"Portugal,+Santana"
2021-04-21,16,12,0.0,11.6,4,62,01:37 PM,03:08 AM,06:31 AM,07:42 PM,9,14,14,14,9,10,72,0.0,1019,16,10,304,5,"Portugal,+Santana"
2021-04-22,19,14,0.0,11.6,5,69,02:41 PM,03:49 AM,06:29 AM,07:43 PM,12,16,16,16,19,28,81,0.3,1015,19,10,264,10,"Portugal,+Santana"
2021-04-23,16,13,0.0,11.6,4,76,03:48 PM,04:25 AM,06:28 AM,07:44 PM,11,15,15,15,27,46,77,4.1,1012,16,10,274,16,"Portugal,+Santana"
2021-04-24,15,11,0.0,6.6,3,83,04:55 PM,05:00 AM,06:27 AM,07:45 PM,8,11,13,11,30,80,74,5.1,1008,15,9,267,16,"Portugal,+Santana"
2021-04-25,15,12,0.0,7.8,3,89,06:04 PM,05:33 AM,06:26 AM,07:45 PM,10,12,14,12,33,72,78,4.7,1006,15,9,287,18,"Portugal,+Santana"
2021-04-26,15,14,0.0,11.6,3,96,07:15 PM,06:07 AM,06:25 AM,07:46 PM,11,13,14,13,32,35,79,0.4,1009,15,10,302,17,"Portugal,+Santana"
2021-04-27,15,8,0.0,11.6,3,97,08:28 PM,06:44 AM,06:24 AM,07:47 PM,10,12,13,12,17,29,81,0.7,1012,15,9,329,9,"Portugal,+Santana"
2021-04-28,14,12,0.0,9.1,3,90,09:43 PM,07:25 AM,06:23 AM,07:47 PM,9,12,12,12,15,58,80,0.8,1013,14,10,293,8,"Portugal,+Santana"
2021-04-29,14,11,0.0,10.4,3,83,10:55 PM,08:11 AM,06:22 AM,07:48 PM,8,11,12,11,14,47,77,2.6,1014,14,10,204,8,"Portugal,+Santana"
2021-04-30,14,10,0.0,11.6,3,77,No moonrise,09:04 AM,06:21 AM,07:49 PM,6,10,12,10,23,48,70,1.5,1015,14,10,331,13,"Portugal,+Santana"
2021-05-01,13,10,0.0,7.9,3,70,12:04 AM,10:04 AM,06:20 AM,07:50 PM,6,10,11,10,18,54,72,0.6,1020,13,10,14,10,"Portugal,+Santana"
2021-05-02,13,5,0.0,7.9,3,63,01:05 AM,11:07 AM,06:19 AM,07:50 PM,6,9,10,9,18,44,74,0.7,1021,13,10,25,9,"Portugal,+Santana"
2021-05-03,14,5,0.0,7.9,3,56,01:56 AM,12:11 PM,06:18 AM,07:51 PM,8,10,11,10,17,69,74,0.7,1020,14,10,41,10,"Portugal,+Santana"
2021-05-04,14,9,0.0,11.6,4,50,02:39 AM,01:15 PM,06:17 AM,07:52 PM,8,11,13,11,21,12,70,0.1,1021,14,10,12,14,"Portugal,+Santana"
2021-05-05,15,10,0.0,11.6,4,43,03:16 AM,02:16 PM,06:16 AM,07:53 PM,9,12,13,12,20,6,72,0.0,1022,15,10,55,13,"Portugal,+Santana"
2021-05-06,18,11,0.0,11.6,4,36,03:48 AM,03:14 PM,06:15 AM,07:53 PM,10,13,14,13,17,9,76,0.0,1022,18,10,27,10,"Portugal,+Santana"
2021-05-07,17,12,0.0,9.1,4,29,04:17 AM,04:10 PM,06:15 AM,07:54 PM,12,15,16,15,10,46,79,0.2,1021,17,10,29,7,"Portugal,+Santana"
2021-05-08,17,8,0.0,11.6,5,22,04:44 AM,05:06 PM,06:14 AM,07:55 PM,11,15,15,15,11,8,72,0.0,1018,17,10,283,8,"Portugal,+Santana"
2021-05-09,16,13,0.0,7.9,3,16,05:11 AM,06:00 PM,06:13 AM,07:55 PM,11,13,14,13,23,67,79,1.3,1017,16,10,322,12,"Portugal,+Santana"
2021-05-10,15,11,0.0,11.6,4,9,05:38 AM,06:55 PM,06:12 AM,07:56 PM,7,12,13,12,20,18,71,0.1,1020,15,10,294,10,"Portugal,+Santana"
2021-05-11,15,11,0.0,11.6,4,2,06:06 AM,07:51 PM,06:11 AM,07:57 PM,8,12,13,12,18,14,72,0.0,1025,15,10,127,10,"Portugal,+Santana"
2021-05-12,17,12,0.0,11.6,5,5,06:38 AM,08:47 PM,06:11 AM,07:58 PM,9,14,14,14,13,9,69,0.0,1026,17,10,163,7,"Portugal,+Santana"
2021-05-13,16,13,0.0,11.6,4,11,07:14 AM,09:44 PM,06:10 AM,07:58 PM,10,14,14,14,21,20,74,0.5,1024,16,9,143,12,"Portugal,+Santana"
2021-05-14,19,12,0.0,11.6,5,18,07:54 AM,10:39 PM,06:09 AM,07:59 PM,10,14,15,14,21,1,68,0.0,1023,19,10,252,12,"Portugal,+Santana"
2021-05-15,23,15,0.0,11.6,5,25,08:39 AM,11:32 PM,06:08 AM,08:00 PM,10,18,19,18,18,0,59,0.0,1021,23,10,310,11,"Portugal,+Santana"
2021-05-16,24,18,0.0,11.6,6,32,09:31 AM,No moonset,06:08 AM,08:00 PM,13,20,21,20,18,0,62,0.0,1021,24,10,110,13,"Portugal,+Santana"
2021-05-17,23,15,0.0,11.6,5,38,10:26 AM,12:21 AM,06:07 AM,08:01 PM,12,18,19,18,18,1,66,0.0,1024,23,10,77,11,"Portugal,+Santana"
2021-05-18,23,14,0.0,11.6,5,45,11:26 AM,01:06 AM,06:06 AM,08:02 PM,13,18,19,18,21,4,73,0.0,1024,23,10,30,13,"Portugal,+Santana"
2021-05-19,22,13,0.0,11.6,5,52,12:28 PM,01:47 AM,06:06 AM,08:02 PM,13,17,18,17,24,1,77,0.0,1025,22,10,21,15,"Portugal,+Santana"
2021-05-20,21,17,0.0,11.6,5,59,01:32 PM,02:23 AM,06:05 AM,08:03 PM,10,19,19,19,24,0,56,0.0,1022,21,10,13,15,"Portugal,+Santana"
2021-05-21,24,19,0.0,11.6,6,66,02:36 PM,02:57 AM,06:05 AM,08:04 PM,12,20,21,20,21,7,58,0.0,1021,24,10,14,16,"Portugal,+Santana"
2021-05-22,16,13,0.0,9.3,3,72,03:42 PM,03:30 AM,06:04 AM,08:05 PM,11,14,15,14,37,34,81,2.8,1021,16,10,23,21,"Portugal,+Santana"
2021-05-23,15,11,0.0,11.6,3,79,04:50 PM,04:02 AM,06:04 AM,08:05 PM,6,11,13,11,39,30,67,1.5,1024,15,10,17,21,"Portugal,+Santana"
2021-05-24,17,11,0.0,10.5,3,86,06:01 PM,04:36 AM,06:03 AM,08:06 PM,9,12,13,12,33,40,73,0.3,1027,17,10,26,18,"Portugal,+Santana"
2021-05-25,18,12,0.0,11.6,4,93,07:15 PM,05:15 AM,06:03 AM,08:06 PM,11,14,15,14,28,35,75,0.3,1025,18,10,18,18,"Portugal,+Santana"
2021-05-26,17,12,0.0,11.6,5,99,08:29 PM,05:58 AM,06:02 AM,08:07 PM,11,15,16,15,17,15,74,0.0,1022,17,10,53,13,"Portugal,+Santana"
2021-05-27,17,13,0.0,11.6,5,94,09:43 PM,06:48 AM,06:02 AM,08:08 PM,12,16,16,16,11,21,75,0.0,1018,17,10,152,8,"Portugal,+Santana"
2021-05-28,20,14,0.0,11.6,5,87,10:49 PM,07:46 AM,06:02 AM,08:08 PM,12,17,17,17,9,4,70,0.0,1019,20,10,44,7,"Portugal,+Santana"
2021-05-29,20,14,0.0,11.6,5,80,11:47 PM,08:49 AM,06:01 AM,08:09 PM,14,17,18,17,15,9,75,0.0,1021,20,10,25,13,"Portugal,+Santana"
2021-05-30,20,12,0.0,11.6,4,73,No moonrise,09:56 AM,06:01 AM,08:10 PM,15,16,17,16,16,48,82,0.7,1019,20,10,208,13,"Portugal,+Santana"
2021-05-31,20,14,0.0,11.6,5,67,12:35 AM,11:03 AM,06:01 AM,08:10 PM,12,17,17,17,13,15,75,0.0,1017,20,10,327,10,"Portugal,+Santana"
2021-06-01,15,9,0.0,12.2,3,60,01:16 AM,12:06 PM,06:00 AM,08:11 PM,11,13,14,13,7,38,81,0.9,1017,15,10,277,4,"Portugal,+Santana"
2021-06-02,15,7,0.0,8.8,3,53,01:50 AM,01:07 PM,06:00 AM,08:11 PM,12,12,13,12,24,86,84,6.9,1018,15,9,116,14,"Portugal,+Santana"
2021-06-03,14,6,0.0,10.0,3,46,02:20 AM,02:04 PM,06:00 AM,08:12 PM,9,10,12,10,33,74,78,6.9,1023,14,9,36,18,"Portugal,+Santana"
2021-06-04,18,11,0.0,14.1,4,40,02:48 AM,03:00 PM,06:00 AM,08:12 PM,8,13,14,13,24,17,70,0.3,1026,18,10,24,14,"Portugal,+Santana"
2021-06-05,15,7,0.0,11.3,3,33,03:15 AM,03:55 PM,05:59 AM,08:13 PM,11,13,15,13,21,52,78,1.0,1026,15,10,12,14,"Portugal,+Santana"
2021-06-06,19,10,0.0,13.4,4,26,03:42 AM,04:50 PM,05:59 AM,08:13 PM,13,15,16,15,18,33,76,0.4,1024,19,10,24,14,"Portugal,+Santana"
2021-06-07,21,13,0.0,14.5,5,19,04:09 AM,05:45 PM,05:59 AM,08:14 PM,14,17,19,17,17,1,76,0.0,1022,21,10,27,15,"Portugal,+Santana"
2021-06-08,24,18,0.0,14.5,6,13,04:40 AM,06:41 PM,05:59 AM,08:14 PM,15,20,21,20,15,8,73,0.0,1022,24,10,41,12,"Portugal,+Santana"
2021-06-09,24,18,0.0,11.3,5,6,05:14 AM,07:38 PM,05:59 AM,08:15 PM,14,20,21,20,13,53,69,0.6,1021,24,10,39,9,"Portugal,+Santana"
2021-06-10,25,19,0.0,14.5,6,1,05:53 AM,08:34 PM,05:59 AM,08:15 PM,16,22,22,21,11,1,72,0.0,1020,25,10,35,9,"Portugal,+Santana"
2021-06-11,23,18,0.0,14.5,6,8,06:36 AM,09:28 PM,05:59 AM,08:16 PM,14,20,20,20,17,0,67,0.0,1020,23,10,22,13,"Portugal,+Santana"
2021-06-12,19,15,0.0,14.5,5,15,07:27 AM,10:19 PM,05:59 AM,08:16 PM,11,17,17,17,20,12,65,0.0,1021,19,10,86,12,"Portugal,+Santana"
2021-06-13,19,13,0.0,14.5,5,21,08:21 AM,11:05 PM,05:59 AM,08:16 PM,11,16,16,16,19,14,75,0.0,1023,19,10,295,10,"Portugal,+Santana"
2021-06-14,18,13,0.0,14.5,5,28,09:20 AM,11:47 PM,05:59 AM,08:17 PM,13,16,17,16,15,11,79,0.0,1023,18,10,287,10,"Portugal,+Santana"
2021-06-15,18,13,0.0,12.3,4,35,10:21 AM,No moonset,05:59 AM,08:17 PM,14,16,17,16,12,48,78,0.5,1019,18,10,323,9,"Portugal,+Santana"
2021-06-16,19,13,0.0,11.3,4,42,11:23 AM,12:24 AM,05:59 AM,08:17 PM,13,16,16,16,20,47,79,0.4,1019,19,10,330,11,"Portugal,+Santana"
2021-06-17,17,13,0.0,9.1,4,48,12:25 PM,12:58 AM,05:59 AM,08:18 PM,12,14,15,14,21,66,83,2.2,1020,17,10,211,11,"Portugal,+Santana"
2021-06-18,16,11,0.0,13.4,4,55,01:29 PM,01:30 AM,05:59 AM,08:18 PM,8,12,13,12,26,25,70,0.2,1022,16,10,277,14,"Portugal,+Santana"
2021-06-19,17,10,0.0,14.2,4,62,02:33 PM,02:01 AM,06:00 AM,08:18 PM,8,13,14,13,22,18,70,0.4,1024,17,10,336,11,"Portugal,+Santana"
2021-06-20,19,12,0.0,14.2,5,69,03:41 PM,02:33 AM,06:00 AM,08:18 PM,12,15,16,15,18,31,80,0.1,1022,19,10,323,9,"Portugal,+Santana"
2021-06-21,16,7,0.0,12.2,3,76,04:51 PM,03:08 AM,06:00 AM,08:19 PM,11,13,14,13,22,53,77,0.5,1021,16,10,236,12,"Portugal,+Santana"
2021-06-22,17,12,0.0,10.0,4,82,06:04 PM,03:48 AM,06:00 AM,08:19 PM,10,14,15,14,25,56,77,0.7,1023,17,10,102,13,"Portugal,+Santana"
2021-06-23,17,10,0.0,11.1,4,89,07:17 PM,04:33 AM,06:00 AM,08:19 PM,12,14,15,14,24,66,79,1.2,1023,17,9,25,16,"Portugal,+Santana"
2021-06-24,20,14,0.0,11.6,5,96,08:27 PM,05:27 AM,06:01 AM,08:19 PM,12,17,17,17,16,5,71,0.0,1021,20,10,43,13,"Portugal,+Santana"
2021-06-25,20,15,0.0,11.6,5,97,09:31 PM,06:28 AM,06:01 AM,08:19 PM,13,18,18,18,9,10,75,0.0,1020,20,10,108,7,"Portugal,+Santana"
2021-06-26,19,13,0.0,11.6,5,91,10:25 PM,07:35 AM,06:01 AM,08:19 PM,14,17,17,17,11,6,77,0.0,1021,19,10,183,8,"Portugal,+Santana"
2021-06-27,22,15,0.0,11.6,5,84,11:10 PM,08:43 AM,06:02 AM,08:19 PM,13,18,19,18,12,2,73,0.0,1021,22,10,102,8,"Portugal,+Santana"
2021-06-28,21,13,0.0,11.6,5,77,11:48 PM,09:50 AM,06:02 AM,08:19 PM,12,17,18,17,20,1,75,0.0,1024,21,10,29,12,"Portugal,+Santana"
2021-06-29,23,14,0.0,11.6,5,70,No moonrise,10:54 AM,06:02 AM,08:20 PM,14,18,19,18,19,5,79,0.0,1025,23,10,21,11,"Portugal,+Santana"
2021-06-30,20,13,0.0,11.6,5,64,12:20 AM,11:54 AM,06:03 AM,08:20 PM,15,17,18,17,10,18,83,0.0,1022,20,10,116,6,"Portugal,+Santana"
2021-07-01,22,15,0.0,11.6,5,57,12:50 AM,12:52 PM,06:03 AM,08:19 PM,16,19,20,19,5,7,79,0.0,1021,22,10,163,4,"Portugal,+Santana"
2021-07-02,25,17,0.0,11.6,6,50,01:17 AM,01:48 PM,06:04 AM,08:19 PM,17,22,22,21,4,2,74,0.0,1021,25,10,277,3,"Portugal,+Santana"
2021-07-03,22,17,0.0,11.6,5,43,01:44 AM,02:43 PM,06:04 AM,08:19 PM,17,20,21,20,8,19,80,0.1,1022,22,10,196,5,"Portugal,+Santana"
2021-07-04,24,16,0.0,11.6,6,36,02:12 AM,03:38 PM,06:04 AM,08:19 PM,15,20,20,20,15,13,78,0.1,1022,24,10,111,9,"Portugal,+Santana"
2021-07-05,26,19,0.0,11.6,6,30,02:41 AM,04:34 PM,06:05 AM,08:19 PM,17,23,23,22,12,0,73,0.0,1021,26,10,267,9,"Portugal,+Santana"
2021-07-06,22,18,0.0,11.6,6,23,03:14 AM,05:31 PM,06:05 AM,08:19 PM,16,20,21,20,13,13,79,0.3,1020,22,10,228,8,"Portugal,+Santana"
2021-07-07,21,16,0.0,7.1,4,16,03:51 AM,06:27 PM,06:06 AM,08:19 PM,16,18,18,18,19,61,87,1.5,1023,21,10,126,12,"Portugal,+Santana"
2021-07-08,23,15,0.0,11.6,5,9,04:33 AM,07:23 PM,06:06 AM,08:19 PM,13,18,19,18,24,11,74,0.0,1025,23,10,20,16,"Portugal,+Santana"
2021-07-09,23,19,0.0,11.6,5,3,05:22 AM,08:15 PM,06:07 AM,08:18 PM,16,21,21,21,20,13,74,0.1,1022,23,10,5,17,"Portugal,+Santana"
2021-07-10,25,19,0.0,11.6,6,4,06:15 AM,09:03 PM,06:07 AM,08:18 PM,17,23,23,22,18,1,74,0.0,1018,25,10,33,16,"Portugal,+Santana"
2021-07-11,26,20,0.0,11.6,6,11,07:14 AM,09:47 PM,06:08 AM,08:18 PM,18,24,24,23,15,1,74,0.0,1017,26,10,70,13,"Portugal,+Santana"
2021-07-12,25,19,0.0,11.6,6,18,08:14 AM,10:25 PM,06:08 AM,08:17 PM,17,23,23,22,24,7,77,0.0,1022,25,10,38,19,"Portugal,+Santana"
2021-07-13,23,15,0.0,11.6,5,25,09:17 AM,11:00 PM,06:09 AM,08:17 PM,14,18,19,18,29,20,77,0.0,1024,23,10,37,18,"Portugal,+Santana"
2021-07-14,21,14,0.0,11.6,5,31,10:19 AM,11:33 PM,06:10 AM,08:17 PM,16,19,20,19,19,3,76,0.0,1021,21,10,17,14,"Portugal,+Santana"
2021-07-15,24,17,0.0,11.6,6,38,11:22 AM,No moonset,06:10 AM,08:16 PM,17,20,21,20,13,2,74,0.0,1018,24,10,171,11,"Portugal,+Santana"
2021-07-16,26,20,0.0,11.6,6,45,12:25 PM,12:03 AM,06:11 AM,08:16 PM,18,23,23,22,9,4,76,0.0,1018,26,10,223,8,"Portugal,+Santana"
2021-07-17,26,20,0.0,11.6,6,52,01:30 PM,12:34 AM,06:11 AM,08:15 PM,18,24,24,23,9,2,75,0.0,1020,26,10,66,8,"Portugal,+Santana"
2021-07-18,26,20,0.0,11.6,6,58,02:36 PM,01:07 AM,06:12 AM,08:15 PM,18,24,24,23,10,0,74,0.0,1021,26,10,22,9,"Portugal,+Santana"
2021-07-19,24,17,0.0,11.6,5,65,03:46 PM,01:43 AM,06:13 AM,08:14 PM,15,20,21,20,17,4,77,0.0,1020,24,10,44,12,"Portugal,+Santana"
2021-07-20,24,17,0.0,11.6,6,72,04:57 PM,02:24 AM,06:13 AM,08:14 PM,15,20,20,20,15,3,75,0.0,1021,24,10,102,11,"Portugal,+Santana"
2021-07-21,26,19,0.0,11.6,6,79,06:07 PM,03:13 AM,06:14 AM,08:13 PM,16,23,23,22,10,0,70,0.0,1022,26,10,126,8,"Portugal,+Santana"
2021-07-22,26,20,0.0,11.6,6,85,07:13 PM,04:10 AM,06:15 AM,08:13 PM,17,24,24,23,10,1,69,0.0,1021,26,10,339,8,"Portugal,+Santana"
2021-07-23,25,18,0.0,11.6,6,92,08:11 PM,05:14 AM,06:15 AM,08:12 PM,17,21,22,21,15,9,77,0.0,1020,25,10,238,12,"Portugal,+Santana"
2021-07-24,26,16,0.0,11.6,6,99,09:00 PM,06:21 AM,06:16 AM,08:12 PM,16,20,21,20,21,6,76,0.0,1020,26,10,16,14,"Portugal,+Santana"
2021-07-25,26,18,0.0,11.6,6,94,09:42 PM,07:30 AM,06:17 AM,08:11 PM,17,22,22,21,16,0,76,0.0,1020,26,10,261,10,"Portugal,+Santana"
2021-07-26,26,17,0.0,11.6,6,87,10:17 PM,08:36 AM,06:17 AM,08:10 PM,17,22,22,21,15,6,80,0.0,1021,26,10,236,10,"Portugal,+Santana"
2021-07-27,23,19,0.0,9.3,5,81,10:48 PM,09:40 AM,06:18 AM,08:10 PM,17,21,21,21,18,36,80,0.3,1020,23,10,13,14,"Portugal,+Santana"
2021-07-28,25,19,0.0,9.3,5,74,11:17 PM,10:39 AM,06:19 AM,08:09 PM,18,21,22,21,17,47,80,0.4,1018,25,10,9,14,"Portugal,+Santana"
2021-07-29,22,18,0.0,9.3,5,67,11:45 PM,11:37 AM,06:19 AM,08:08 PM,17,21,22,21,19,54,79,0.4,1019,22,10,23,15,"Portugal,+Santana"
2021-07-30,25,18,0.0,11.6,6,60,No moonrise,12:33 PM,06:20 AM,08:07 PM,17,23,23,22,18,8,75,0.0,1020,25,10,20,16,"Portugal,+Santana"
2021-07-31,22,15,0.0,11.6,5,54,12:12 AM,01:29 PM,06:21 AM,08:07 PM,14,18,18,18,28,16,78,0.1,1023,22,10,14,16,"Portugal,+Santana"
2021-08-01,20,15,0.0,11.6,4,47,12:41 AM,02:25 PM,06:21 AM,08:06 PM,12,17,17,17,27,17,74,0.1,1022,20,10,40,15,"Portugal,+Santana"
2021-08-02,20,14,0.0,10.4,4,40,01:13 AM,03:22 PM,06:22 AM,08:05 PM,14,17,18,17,18,26,80,0.9,1020,20,10,234,10,"Portugal,+Santana"
2021-08-03,20,13,0.0,9.3,4,33,01:48 AM,04:18 PM,06:23 AM,08:04 PM,16,18,19,18,18,33,79,0.2,1021,20,10,20,13,"Portugal,+Santana"
2021-08-04,25,16,0.0,11.6,6,26,02:28 AM,05:14 PM,06:23 AM,08:03 PM,16,20,21,20,19,10,78,0.0,1024,25,10,11,13,"Portugal,+Santana"
2021-08-05,26,20,0.0,11.6,6,20,03:14 AM,06:08 PM,06:24 AM,08:02 PM,18,23,23,22,14,6,79,0.0,1023,26,10,246,10,"Portugal,+Santana"
2021-08-06,26,18,0.0,11.6,6,13,04:06 AM,06:58 PM,06:25 AM,08:01 PM,17,21,21,21,16,13,80,0.0,1020,26,10,303,10,"Portugal,+Santana"
2021-08-07,21,16,0.0,9.2,4,6,05:04 AM,07:44 PM,06:25 AM,08:01 PM,15,18,19,18,15,31,83,1.3,1019,21,10,226,8,"Portugal,+Santana"
2021-08-08,18,10,0.0,6.9,4,1,06:05 AM,08:24 PM,06:26 AM,08:00 PM,14,16,16,16,18,75,83,1.5,1020,18,10,25,10,"Portugal,+Santana"
2021-08-09,19,13,0.0,11.6,4,7,07:08 AM,09:01 PM,06:27 AM,07:59 PM,14,16,17,16,12,35,79,0.5,1021,19,10,298,8,"Portugal,+Santana"
2021-08-10,23,17,0.0,6.7,5,14,08:11 AM,09:35 PM,06:27 AM,07:58 PM,17,21,22,21,7,51,80,0.8,1020,23,10,276,6,"Portugal,+Santana"
2021-08-11,24,20,0.0,9.1,5,21,09:15 AM,10:06 PM,06:28 AM,07:57 PM,18,23,23,22,12,64,81,1.2,1021,24,10,126,10,"Portugal,+Santana"
2021-08-12,24,17,0.0,10.4,5,28,10:18 AM,10:37 PM,06:29 AM,07:56 PM,18,23,23,21,13,46,81,0.7,1022,24,10,81,11,"Portugal,+Santana"
2021-08-13,23,15,0.0,11.6,6,34,11:23 AM,11:09 PM,06:29 AM,07:55 PM,18,20,22,20,11,8,78,0.0,1022,23,10,47,10,"Portugal,+Santana"
2021-08-14,27,20,0.0,11.6,6,41,12:29 PM,11:44 PM,06:30 AM,07:54 PM,19,24,24,23,12,4,75,0.0,1020,27,10,54,10,"Portugal,+Santana"
2021-08-15,30,23,0.0,11.6,7,48,01:37 PM,No moonset,06:31 AM,07:53 PM,17,28,28,26,16,11,57,0.0,1018,30,10,25,12,"Portugal,+Santana"
2021-08-16,32,25,0.0,11.6,7,55,02:46 PM,12:22 AM,06:31 AM,07:52 PM,15,29,29,28,18,5,44,0.0,1019,32,10,27,13,"Portugal,+Santana"
2021-08-17,30,24,0.0,11.6,7,62,03:55 PM,01:07 AM,06:32 AM,07:50 PM,15,27,27,26,22,0,50,0.0,1022,30,10,29,15,"Portugal,+Santana"
2021-08-18,23,18,0.0,11.6,6,68,05:00 PM,01:59 AM,06:33 AM,07:49 PM,14,24,24,22,20,1,58,0.0,1022,23,10,18,12,"Portugal,+Santana"
2021-08-19,23,16,0.0,11.6,6,75,06:00 PM,02:59 AM,06:34 AM,07:48 PM,16,20,22,20,15,0,68,0.0,1019,23,10,31,10,"Portugal,+Santana"
2021-08-20,25,19,0.0,11.6,6,82,06:52 PM,04:04 AM,06:34 AM,07:47 PM,17,21,23,21,8,2,73,0.0,1018,25,10,50,6,"Portugal,+Santana"
2021-08-21,25,19,0.0,11.6,6,89,07:36 PM,05:12 AM,06:35 AM,07:46 PM,17,22,23,22,8,2,77,0.0,1020,25,10,32,6,"Portugal,+Santana"
2021-08-22,26,20,0.0,11.6,6,95,08:13 PM,06:18 AM,06:36 AM,07:45 PM,17,23,23,22,8,2,74,0.0,1022,26,10,55,7,"Portugal,+Santana"
2021-08-23,24,21,0.0,11.6,6,98,08:46 PM,07:24 AM,06:36 AM,07:44 PM,18,23,23,22,11,2,77,0.0,1021,24,10,208,10,"Portugal,+Santana"
2021-08-24,22,16,0.0,11.6,6,91,09:16 PM,08:25 AM,06:37 AM,07:42 PM,16,20,21,20,17,7,78,0.0,1019,22,10,339,11,"Portugal,+Santana"
2021-08-25,21,16,0.0,11.6,5,84,09:44 PM,09:25 AM,06:38 AM,07:41 PM,16,19,21,19,11,5,78,0.0,1016,21,10,333,7,"Portugal,+Santana"
2021-08-26,22,15,0.0,11.6,5,77,10:12 PM,10:21 AM,06:38 AM,07:40 PM,16,19,20,19,7,18,81,0.0,1015,22,10,253,5,"Portugal,+Santana"
2021-08-27,22,16,0.0,10.3,5,71,10:40 PM,11:18 AM,06:39 AM,07:39 PM,18,20,23,20,14,30,81,0.1,1016,22,10,279,10,"Portugal,+Santana"
2021-08-28,20,10,0.0,9.0,4,64,11:11 PM,12:14 PM,06:39 AM,07:37 PM,16,18,18,18,3,54,82,0.2,1019,20,10,273,2,"Portugal,+Santana"
2021-08-29,21,16,0.0,11.6,5,57,11:45 PM,01:11 PM,06:40 AM,07:36 PM,15,18,19,18,9,15,79,0.0,1019,21,10,285,5,"Portugal,+Santana"
2021-08-30,21,13,0.0,9.0,4,50,No moonrise,02:08 PM,06:41 AM,07:35 PM,17,18,19,18,9,35,84,1.1,1017,21,10,288,5,"Portugal,+Santana"
2021-08-31,22,16,0.0,9.0,5,44,12:22 AM,03:04 PM,06:41 AM,07:34 PM,18,20,21,20,10,46,83,0.6,1017,22,10,292,7,"Portugal,+Santana"
2021-09-01,22,19,0.0,9.0,5,37,01:06 AM,03:59 PM,06:42 AM,07:32 PM,17,20,21,20,13,36,84,0.2,1018,22,10,311,7,"Portugal,+Santana"
2021-09-02,22,15,0.0,10.3,4,30,01:56 AM,04:50 PM,06:43 AM,07:31 PM,17,19,20,19,8,33,84,0.2,1019,22,10,176,4,"Portugal,+Santana"
2021-09-03,22,15,0.0,11.6,5,23,02:51 AM,05:38 PM,06:43 AM,07:30 PM,17,19,20,19,8,16,80,0.0,1019,22,10,47,5,"Portugal,+Santana"
2021-09-04,22,12,0.0,11.6,6,17,03:51 AM,06:20 PM,06:44 AM,07:28 PM,18,20,22,20,9,23,80,0.0,1015,22,10,159,7,"Portugal,+Santana"
2021-09-05,23,16,0.0,10.3,5,10,04:53 AM,06:58 PM,06:45 AM,07:27 PM,18,20,23,20,14,29,80,0.1,1011,23,10,224,10,"Portugal,+Santana"
2021-09-06,23,18,0.0,9.0,5,3,05:57 AM,07:33 PM,06:45 AM,07:26 PM,17,21,22,21,13,36,80,0.2,1013,23,10,271,8,"Portugal,+Santana"
2021-09-07,22,16,0.0,9.0,4,4,07:02 AM,08:06 PM,06:46 AM,07:25 PM,16,19,20,19,12,32,81,0.2,1017,22,10,285,6,"Portugal,+Santana"
2021-09-08,21,17,0.0,11.6,5,11,08:07 AM,08:37 PM,06:47 AM,07:23 PM,16,19,19,19,8,25,82,0.0,1019,21,10,292,4,"Portugal,+Santana"
2021-09-09,23,17,0.0,11.6,5,17,09:13 AM,09:10 PM,06:47 AM,07:22 PM,16,19,20,19,9,26,80,0.0,1020,23,10,150,5,"Portugal,+Santana"
2021-09-10,22,17,0.0,9.0,4,24,10:20 AM,09:44 PM,06:48 AM,07:20 PM,15,19,20,19,8,37,78,0.0,1020,22,10,192,4,"Portugal,+Santana"
2021-09-11,23,18,0.0,11.6,6,31,11:29 AM,10:21 PM,06:49 AM,07:19 PM,16,21,22,21,7,7,74,0.0,1018,23,10,252,5,"Portugal,+Santana"
2021-09-12,21,18,0.0,6.3,5,38,12:38 PM,11:05 PM,06:49 AM,07:18 PM,15,20,21,20,23,61,77,1.0,1013,21,10,271,15,"Portugal,+Santana"
2021-09-13,20,17,0.0,7.6,4,44,01:48 PM,11:55 PM,06:50 AM,07:16 PM,14,18,18,18,26,44,78,0.7,1011,20,10,292,14,"Portugal,+Santana"
2021-09-14,22,16,0.0,11.6,5,51,02:54 PM,No moonset,06:51 AM,07:15 PM,14,19,19,19,24,20,77,0.1,1012,22,10,307,13,"Portugal,+Santana"
2021-09-15,22,16,0.0,10.3,4,58,03:55 PM,12:51 AM,06:51 AM,07:14 PM,15,19,19,19,18,27,79,0.1,1019,22,10,298,10,"Portugal,+Santana"
2021-09-16,21,17,0.0,10.3,4,65,04:48 PM,01:54 AM,06:52 AM,07:12 PM,15,19,19,19,21,63,80,0.6,1021,21,10,96,12,"Portugal,+Santana"
2021-09-17,25,17,0.0,11.6,5,72,05:33 PM,02:59 AM,06:52 AM,07:11 PM,16,21,22,21,17,33,77,0.3,1021,25,10,15,13,"Portugal,+Santana"
2021-09-18,22,17,0.0,8.9,4,78,06:12 PM,04:05 AM,06:53 AM,07:10 PM,16,19,20,19,22,58,84,1.0,1021,22,10,68,13,"Portugal,+Santana"
2021-09-19,23,16,0.0,11.6,5,85,06:45 PM,05:10 AM,06:54 AM,07:08 PM,14,18,18,18,23,41,78,0.1,1022,23,10,36,14,"Portugal,+Santana"
2021-09-20,26,16,0.0,11.6,5,92,07:16 PM,06:12 AM,06:54 AM,07:07 PM,14,18,19,18,24,21,75,0.1,1024,26,10,28,14,"Portugal,+Santana"
2021-09-21,20,16,0.0,11.6,5,99,07:44 PM,07:12 AM,06:55 AM,07:05 PM,14,19,19,19,20,25,76,0.0,1021,20,10,99,14,"Portugal,+Santana"
2021-09-22,19,16,0.0,11.6,5,95,08:12 PM,08:10 AM,06:56 AM,07:04 PM,14,19,19,19,21,22,74,0.0,1019,19,10,12,14,"Portugal,+Santana"
2021-09-23,19,16,0.0,11.6,5,88,08:40 PM,09:07 AM,06:56 AM,07:03 PM,13,18,18,18,17,30,76,0.1,1018,19,10,57,10,"Portugal,+Santana"
2021-09-24,20,14,0.0,11.6,4,81,09:09 PM,10:04 AM,06:57 AM,07:01 PM,12,16,16,16,14,22,76,0.1,1018,20,10,219,7,"Portugal,+Santana"
2021-09-25,20,14,0.0,11.6,5,74,09:42 PM,11:01 AM,06:58 AM,07:00 PM,11,16,16,16,6,11,74,0.0,1019,20,10,208,3,"Portugal,+Santana"
2021-09-26,21,15,0.0,11.6,5,68,10:18 PM,11:58 AM,06:58 AM,06:59 PM,13,18,18,18,6,6,75,0.0,1021,21,10,113,4,"Portugal,+Santana"
2021-09-27,21,15,0.0,11.6,5,61,10:59 PM,12:54 PM,06:59 AM,06:57 PM,15,19,19,19,14,32,78,0.1,1024,21,10,60,10,"Portugal,+Santana"
2021-09-28,24,16,0.0,11.6,6,54,11:46 PM,01:50 PM,07:00 AM,06:56 PM,16,20,20,20,16,12,78,0.0,1025,24,10,23,12,"Portugal,+Santana"
2021-09-29,25,17,0.0,11.6,5,47,No moonrise,02:42 PM,07:00 AM,06:55 PM,16,20,20,20,28,28,79,0.1,1026,25,10,31,18,"Portugal,+Santana"
2021-09-30,22,17,0.0,11.5,6,40,12:37 AM,03:30 PM,07:01 AM,06:53 PM,16,20,21,20,27,11,78,0.0,1025,22,10,28,22,"Portugal,+Santana"
2021-10-01,25,17,0.0,11.5,6,34,01:35 AM,04:14 PM,07:02 AM,06:52 PM,17,21,22,21,23,8,78,0.0,1024,25,10,29,18,"Portugal,+Santana"
2021-10-02,27,16,0.0,11.5,6,27,02:35 AM,04:53 PM,07:02 AM,06:51 PM,16,20,21,20,18,13,79,0.0,1022,27,10,25,12,"Portugal,+Santana"
2021-10-03,23,15,0.0,11.5,5,20,03:39 AM,05:30 PM,07:03 AM,06:49 PM,14,18,19,18,15,4,76,0.0,1021,23,10,336,8,"Portugal,+Santana"
2021-10-04,21,15,0.0,11.4,4,13,04:43 AM,06:03 PM,07:04 AM,06:48 PM,13,17,17,17,26,36,75,0.3,1023,21,10,36,15,"Portugal,+Santana"
2021-10-05,21,13,0.0,11.4,5,7,05:49 AM,06:35 PM,07:05 AM,06:47 PM,12,16,17,16,24,11,75,0.0,1024,21,10,34,14,"Portugal,+Santana"
2021-10-06,21,17,0.0,11.4,5,0,06:55 AM,07:07 PM,07:05 AM,06:45 PM,16,19,20,19,16,27,82,0.0,1021,21,10,45,11,"Portugal,+Santana"
2021-10-07,21,18,0.0,11.4,5,7,08:03 AM,07:41 PM,07:06 AM,06:44 PM,16,20,20,20,12,26,80,0.0,1020,21,10,29,9,"Portugal,+Santana"
2021-10-08,20,17,0.0,11.4,5,14,09:14 AM,08:18 PM,07:07 AM,06:43 PM,16,20,20,20,11,27,80,0.0,1021,20,10,32,8,"Portugal,+Santana"
2021-10-09,20,17,0.0,11.3,5,21,10:25 AM,09:00 PM,07:07 AM,06:41 PM,16,19,19,19,17,20,80,0.0,1022,20,10,14,12,"Portugal,+Santana"
2021-10-10,20,16,0.0,7.1,4,27,11:38 AM,09:49 PM,07:08 AM,06:40 PM,15,18,18,18,19,40,82,0.3,1020,20,10,179,12,"Portugal,+Santana"
2021-10-11,20,15,0.0,11.3,5,34,12:47 PM,10:45 PM,07:09 AM,06:39 PM,13,18,18,18,13,26,76,0.0,1018,20,10,307,8,"Portugal,+Santana"
2021-10-12,19,14,0.0,11.3,5,41,01:51 PM,11:47 PM,07:10 AM,06:38 PM,12,18,17,18,7,17,71,0.0,1017,19,10,219,4,"Portugal,+Santana"
2021-10-13,19,14,0.0,11.3,5,48,02:46 PM,No moonset,07:10 AM,06:37 PM,11,17,17,17,4,10,69,0.0,1018,19,10,269,2,"Portugal,+Santana"
2021-10-14,23,15,0.0,11.2,5,54,03:34 PM,12:52 AM,07:11 AM,06:35 PM,14,20,20,20,6,7,72,0.0,1020,23,10,153,5,"Portugal,+Santana"
2021-10-15,25,16,0.0,11.2,6,61,04:13 PM,01:58 AM,07:12 AM,06:34 PM,14,20,21,20,9,1,69,0.0,1021,25,10,27,7,"Portugal,+Santana"
2021-10-16,25,19,0.0,11.2,6,68,04:48 PM,03:02 AM,07:13 AM,06:33 PM,16,21,22,21,6,8,74,0.0,1020,25,10,62,5,"Portugal,+Santana"
2021-10-17,23,17,0.0,11.2,6,75,05:19 PM,04:03 AM,07:13 AM,06:32 PM,14,21,22,21,7,16,67,0.0,1019,23,10,98,5,"Portugal,+Santana"
2021-10-18,24,17,0.0,11.2,6,81,05:47 PM,05:03 AM,07:14 AM,06:31 PM,14,21,22,21,6,5,63,0.0,1019,24,10,207,4,"Portugal,+Santana"
2021-10-19,22,19,0.0,10.1,5,88,06:14 PM,06:01 AM,07:15 AM,06:29 PM,12,20,21,20,6,29,61,0.0,1021,22,10,275,3,"Portugal,+Santana"
2021-10-20,24,19,0.0,11.1,6,95,06:41 PM,06:58 AM,07:16 AM,06:28 PM,17,21,22,21,9,18,75,0.0,1024,24,10,189,6,"Portugal,+Santana"
2021-10-21,19,15,0.0,10.1,4,98,07:10 PM,07:55 AM,07:17 AM,06:27 PM,14,17,17,17,24,33,81,0.0,1025,19,10,29,13,"Portugal,+Santana"
2021-10-22,18,14,0.0,7.1,4,91,07:41 PM,08:52 AM,07:17 AM,06:26 PM,12,16,16,16,24,46,78,0.2,1023,18,10,28,13,"Portugal,+Santana"
2021-10-23,20,14,0.0,11.1,5,85,08:15 PM,09:49 AM,07:18 AM,06:25 PM,12,17,17,17,19,19,73,0.0,1022,20,10,25,13,"Portugal,+Santana"
2021-10-24,18,14,0.0,11.1,5,78,08:54 PM,10:46 AM,07:19 AM,06:24 PM,12,17,17,17,22,20,74,0.0,1023,18,10,28,14,"Portugal,+Santana"
2021-10-25,18,15,0.0,10.1,4,71,09:39 PM,11:42 AM,07:20 AM,06:23 PM,14,18,18,18,22,55,79,0.6,1023,18,10,30,15,"Portugal,+Santana"
2021-10-26,19,14,0.0,11.0,5,64,10:28 PM,12:35 PM,07:21 AM,06:22 PM,12,17,17,17,18,17,75,0.0,1023,19,10,25,12,"Portugal,+Santana"
2021-10-27,18,15,0.0,11.0,5,58,11:23 PM,01:24 PM,07:21 AM,06:21 PM,13,17,17,17,14,18,76,0.0,1022,18,10,20,10,"Portugal,+Santana"
2021-10-28,18,13,0.0,11.0,5,51,No moonrise,02:09 PM,07:22 AM,06:20 PM,12,16,16,16,9,12,74,0.0,1020,18,10,150,6,"Portugal,+Santana"
2021-10-29,20,14,0.0,11.0,5,44,12:21 AM,02:49 PM,07:23 AM,06:19 PM,12,17,17,17,12,10,76,0.0,1019,20,10,268,7,"Portugal,+Santana"
2021-10-30,21,16,0.0,10.9,5,37,01:22 AM,03:26 PM,07:24 AM,06:18 PM,14,18,18,18,18,23,80,0.0,1018,21,10,260,9,"Portugal,+Santana"
2021-10-31,23,16,0.0,10.9,5,30,02:24 AM,03:59 PM,07:25 AM,06:17 PM,15,18,18,18,12,12,82,0.0,1021,23,10,279,6,"Portugal,+Santana"
2021-11-01,20,15,0.0,10.9,5,24,03:28 AM,04:31 PM,07:26 AM,06:16 PM,13,17,17,17,9,20,79,0.0,1023,20,10,328,5,"Portugal,+Santana"
2021-11-02,19,15,0.0,10.1,4,17,04:32 AM,05:02 PM,07:27 AM,06:15 PM,12,17,16,17,7,27,78,0.0,1021,19,10,294,4,"Portugal,+Santana"
2021-11-03,19,15,0.0,7.0,4,10,05:40 AM,05:35 PM,07:27 AM,06:14 PM,13,16,16,16,20,65,82,0.5,1020,19,10,180,10,"Portugal,+Santana"
2021-11-04,15,12,0.0,10.1,3,3,06:49 AM,06:11 PM,07:28 AM,06:14 PM,9,12,14,12,29,43,74,0.0,1021,15,10,26,15,"Portugal,+Santana"
2021-11-05,17,12,0.0,10.1,3,3,08:02 AM,06:51 PM,07:29 AM,06:13 PM,9,13,14,13,27,39,70,0.0,1023,17,10,48,15,"Portugal,+Santana"
2021-11-06,16,13,0.0,10.8,4,10,09:17 AM,07:39 PM,07:30 AM,06:12 PM,9,13,14,13,30,36,75,0.0,1023,16,10,49,16,"Portugal,+Santana"
2021-11-07,17,12,0.0,10.8,4,17,10:30 AM,08:33 PM,07:31 AM,06:11 PM,9,14,14,14,26,6,71,0.0,1024,17,10,59,15,"Portugal,+Santana"
2021-11-08,19,14,0.0,10.8,5,24,11:40 AM,09:35 PM,07:32 AM,06:11 PM,11,16,16,16,18,4,72,0.0,1024,19,10,52,13,"Portugal,+Santana"
2021-11-09,17,15,0.0,10.8,5,30,12:41 PM,10:41 PM,07:33 AM,06:10 PM,12,16,16,16,13,16,77,0.0,1022,17,10,32,9,"Portugal,+Santana"
2021-11-10,17,15,0.0,10.8,5,37,01:33 PM,11:49 PM,07:34 AM,06:09 PM,12,16,16,16,17,28,78,0.0,1019,17,10,22,10,"Portugal,+Santana"
2021-11-11,17,15,0.0,10.7,4,44,02:15 PM,No moonset,07:35 AM,06:08 PM,13,17,17,17,15,32,77,0.2,1020,17,10,47,11,"Portugal,+Santana"
2021-11-12,16,14,0.0,10.0,4,51,02:51 PM,12:55 AM,07:35 AM,06:08 PM,12,16,16,16,16,35,76,0.2,1020,16,10,24,12,"Portugal,+Santana"
2021-11-13,19,14,0.0,10.7,5,58,03:23 PM,01:58 AM,07:36 AM,06:07 PM,11,17,17,17,14,12,71,0.0,1020,19,10,43,11,"Portugal,+Santana"
2021-11-14,20,15,0.0,10.7,5,64,03:51 PM,02:57 AM,07:37 AM,06:07 PM,12,17,17,17,10,11,73,0.0,1019,20,10,44,8,"Portugal,+Santana"
2021-11-15,17,16,0.0,10.7,5,71,04:18 PM,03:55 AM,07:38 AM,06:06 PM,12,17,17,17,12,17,75,0.0,1022,17,10,52,9,"Portugal,+Santana"
2021-11-16,17,13,0.0,10.7,5,78,04:44 PM,04:52 AM,07:39 AM,06:06 PM,11,16,16,16,20,16,74,0.0,1020,17,10,60,14,"Portugal,+Santana"
2021-11-17,16,14,0.0,6.9,3,85,05:12 PM,05:48 AM,07:40 AM,06:05 PM,11,15,15,15,25,71,77,0.8,1018,16,10,30,17,"Portugal,+Santana"
2021-11-18,15,13,0.0,5.3,3,91,05:42 PM,06:44 AM,07:41 AM,06:05 PM,9,13,14,13,24,84,73,1.0,1017,15,10,33,14,"Portugal,+Santana"
2021-11-19,15,11,0.0,8.5,3,98,06:15 PM,07:42 AM,07:42 AM,06:04 PM,8,12,13,12,16,53,76,1.5,1014,15,9,278,8,"Portugal,+Santana"
2021-11-20,16,11,0.0,10.6,4,95,06:52 PM,08:38 AM,07:43 AM,06:04 PM,8,13,13,13,13,18,74,0.1,1017,16,10,222,7,"Portugal,+Santana"
2021-11-21,17,13,0.0,5.3,4,88,07:35 PM,09:35 AM,07:44 AM,06:03 PM,13,14,15,14,27,69,85,2.7,1014,17,10,205,15,"Portugal,+Santana"
2021-11-22,18,14,0.0,10.6,5,81,08:22 PM,10:29 AM,07:44 AM,06:03 PM,12,16,16,16,9,16,76,0.1,1015,18,10,239,5,"Portugal,+Santana"
2021-11-23,17,13,0.0,10.0,4,75,09:15 PM,11:20 AM,07:45 AM,06:03 PM,10,15,15,15,10,26,74,0.2,1018,17,10,238,5,"Portugal,+Santana"
2021-11-24,14,12,0.0,5.3,3,68,10:11 PM,12:06 PM,07:46 AM,06:02 PM,11,12,13,12,26,92,85,1.3,1022,14,9,63,14,"Portugal,+Santana"
2021-11-25,14,12,0.0,10.0,3,61,11:11 PM,12:47 PM,07:47 AM,06:02 PM,7,11,12,11,21,37,71,0.0,1021,14,10,117,11,"Portugal,+Santana"
2021-11-26,13,10,0.0,8.4,3,54,No moonrise,01:24 PM,07:48 AM,06:02 PM,8,10,12,10,30,69,74,2.0,1020,13,10,21,17,"Portugal,+Santana"
2021-11-27,13,12,0.0,5.3,3,48,12:10 AM,01:57 PM,07:49 AM,06:02 PM,7,10,12,10,29,71,74,2.2,1024,13,10,93,16,"Portugal,+Santana"
2021-11-28,13,12,0.0,5.3,3,41,01:12 AM,02:28 PM,07:50 AM,06:01 PM,8,11,13,11,32,82,75,6.6,1027,13,9,27,18,"Portugal,+Santana"
2021-11-29,14,11,0.0,10.5,3,34,02:13 AM,02:59 PM,07:51 AM,06:01 PM,8,11,12,11,26,31,76,0.1,1031,14,10,30,14,"Portugal,+Santana"
2021-11-30,15,11,0.0,6.8,3,27,03:18 AM,03:30 PM,07:51 AM,06:01 PM,9,12,13,12,21,56,79,1.1,1026,15,10,329,12,"Portugal,+Santana"
2021-12-01,14,13,0.0,6.8,3,21,04:24 AM,04:03 PM,07:52 AM,06:01 PM,10,13,14,13,19,68,80,1.4,1024,14,10,164,12,"Portugal,+Santana"
2021-12-02,17,12,0.0,10.0,3,14,05:34 AM,04:40 PM,07:53 AM,06:01 PM,9,12,13,12,28,24,77,0.1,1028,17,10,16,16,"Portugal,+Santana"
2021-12-03,14,11,0.0,10.5,4,7,06:47 AM,05:24 PM,07:54 AM,06:01 PM,10,12,14,12,31,31,78,0.0,1028,14,10,36,19,"Portugal,+Santana"
2021-12-04,15,13,0.0,8.4,3,0,08:03 AM,06:15 PM,07:55 AM,06:01 PM,11,13,14,13,26,48,80,0.3,1029,15,10,50,18,"Portugal,+Santana"
2021-12-05,15,12,0.0,6.8,3,7,09:17 AM,07:15 PM,07:55 AM,06:01 PM,10,12,13,12,32,57,79,0.5,1030,15,10,42,16,"Portugal,+Santana"
2021-12-06,14,11,0.0,10.5,4,13,10:24 AM,08:22 PM,07:56 AM,06:01 PM,9,11,13,11,31,23,78,0.0,1029,14,10,53,17,"Portugal,+Santana"
2021-12-07,14,12,0.0,10.4,4,20,11:23 AM,09:33 PM,07:57 AM,06:01 PM,9,12,13,12,21,16,75,0.0,1028,14,10,35,13,"Portugal,+Santana"
2021-12-08,15,10,0.0,8.4,3,27,12:11 PM,10:42 PM,07:58 AM,06:01 PM,8,10,12,10,23,36,79,0.5,1029,15,10,94,12,"Portugal,+Santana"
2021-12-09,13,12,0.0,10.4,4,34,12:51 PM,11:48 PM,07:59 AM,06:01 PM,9,11,12,11,33,39,79,0.0,1031,13,10,36,18,"Portugal,+Santana"
2021-12-10,14,13,0.0,10.4,4,40,01:25 PM,No moonset,07:59 AM,06:02 PM,10,12,13,12,28,36,81,0.0,1030,14,10,50,17,"Portugal,+Santana"
2021-12-11,17,11,0.0,10.0,4,47,01:54 PM,12:50 AM,08:00 AM,06:02 PM,10,13,14,13,25,31,80,0.0,1027,17,10,53,15,"Portugal,+Santana"
2021-12-12,17,15,0.0,8.3,4,54,02:22 PM,01:50 AM,08:01 AM,06:02 PM,12,16,16,16,9,49,79,0.2,1024,17,10,40,7,"Portugal,+Santana"
2021-12-13,15,12,0.0,10.0,4,61,02:48 PM,02:46 AM,08:01 AM,06:02 PM,9,13,13,13,12,23,76,0.0,1023,15,10,215,6,"Portugal,+Santana"
2021-12-14,12,10,0.0,6.7,3,68,03:16 PM,03:43 AM,08:02 AM,06:03 PM,8,9,11,9,25,74,80,3.5,1021,12,10,94,13,"Portugal,+Santana"
2021-12-15,12,10,0.0,6.7,3,74,03:45 PM,04:38 AM,08:03 AM,06:03 PM,9,11,12,11,15,74,81,1.1,1013,12,10,229,10,"Portugal,+Santana"
2021-12-16,13,12,0.0,10.0,3,81,04:16 PM,05:35 AM,08:03 AM,06:03 PM,9,12,13,12,22,48,78,0.4,1017,13,10,99,13,"Portugal,+Santana"
2021-12-17,15,10,0.0,10.0,4,88,04:52 PM,06:32 AM,08:04 AM,06:04 PM,8,12,12,12,15,13,75,0.0,1019,15,10,120,9,"Portugal,+Santana"
2021-12-18,15,11,0.0,10.0,4,95,05:33 PM,07:29 AM,08:04 AM,06:04 PM,9,12,13,12,29,25,78,0.0,1016,15,10,168,16,"Portugal,+Santana"
2021-12-19,14,12,0.0,6.6,3,100,06:19 PM,08:24 AM,08:05 AM,06:04 PM,12,12,13,12,43,72,89,7.0,1013,14,10,218,22,"Portugal,+Santana"
2021-12-20,16,13,0.0,8.3,4,92,07:10 PM,09:16 AM,08:05 AM,06:05 PM,13,14,15,14,35,65,88,2.2,1013,16,10,227,20,"Portugal,+Santana"
2021-12-21,16,13,0.0,8.3,4,85,08:06 PM,10:04 AM,08:06 AM,06:05 PM,12,15,15,15,28,57,84,6.9,1012,16,10,252,17,"Portugal,+Santana"
2021-12-22,16,13,0.0,10.0,4,78,09:04 PM,10:47 AM,08:06 AM,06:06 PM,12,15,15,15,15,39,84,0.1,1019,16,10,263,8,"Portugal,+Santana"
2021-12-23,14,11,0.0,8.3,3,72,10:03 PM,11:25 AM,08:07 AM,06:06 PM,11,13,13,13,17,59,85,3.7,1017,14,10,297,9,"Portugal,+Santana"
2021-12-24,14,11,0.0,10.0,3,65,11:03 PM,11:59 AM,08:07 AM,06:07 PM,8,11,12,11,21,26,76,0.1,1016,14,10,262,11,"Portugal,+Santana"
2021-12-25,16,13,0.0,5.0,4,58,No moonrise,12:30 PM,08:08 AM,06:08 PM,13,14,15,14,31,70,91,1.1,1015,16,10,272,15,"Portugal,+Santana"
2021-12-26,18,14,0.0,10.0,5,51,12:03 AM,12:59 PM,08:08 AM,06:08 PM,12,15,15,15,18,11,83,0.0,1019,18,10,274,9,"Portugal,+Santana"
2021-12-27,17,14,0.0,10.0,5,44,01:04 AM,01:29 PM,08:09 AM,06:09 PM,13,15,15,15,10,25,83,0.0,1022,17,10,273,5,"Portugal,+Santana"
2021-12-28,20,13,0.0,10.0,5,38,02:07 AM,01:59 PM,08:09 AM,06:09 PM,13,16,16,16,10,4,82,0.0,1023,20,10,187,7,"Portugal,+Santana"
2021-12-29,22,15,0.0,10.0,5,31,03:12 AM,02:33 PM,08:09 AM,06:10 PM,13,17,18,17,14,0,76,0.0,1021,22,10,161,10,"Portugal,+Santana"
2021-12-30,19,17,0.0,10.0,4,24,04:21 AM,03:12 PM,08:09 AM,06:11 PM,12,18,18,18,15,15,70,0.0,1018,19,10,206,10,"Portugal,+Santana"
